[
{
    "model": "admin.logentry",
    "pk": 1,
    "fields": {
        "action_time": "2024-11-19T12:57:32.669Z",
        "user": 1,
        "content_type": 8,
        "object_id": "3",
        "object_repr": "test2@testing.com",
        "action_flag": 3,
        "change_message": ""
    }
},
{
    "model": "admin.logentry",
    "pk": 2,
    "fields": {
        "action_time": "2024-11-28T20:59:46.580Z",
        "user": 1,
        "content_type": 10,
        "object_id": "6",
        "object_repr": "test post hidden by test@testing.com",
        "action_flag": 3,
        "change_message": ""
    }
},
{
    "model": "admin.logentry",
    "pk": 3,
    "fields": {
        "action_time": "2024-11-28T23:03:44.263Z",
        "user": 1,
        "content_type": 8,
        "object_id": "6",
        "object_repr": "a@testing.com",
        "action_flag": 3,
        "change_message": ""
    }
},
{
    "model": "admin.logentry",
    "pk": 4,
    "fields": {
        "action_time": "2024-11-28T23:03:48.422Z",
        "user": 1,
        "content_type": 8,
        "object_id": "7",
        "object_repr": "b@testing.com",
        "action_flag": 3,
        "change_message": ""
    }
},
{
    "model": "admin.logentry",
    "pk": 5,
    "fields": {
        "action_time": "2024-11-28T23:03:53.788Z",
        "user": 1,
        "content_type": 8,
        "object_id": "8",
        "object_repr": "c@testing.com",
        "action_flag": 3,
        "change_message": ""
    }
},
{
    "model": "admin.logentry",
    "pk": 6,
    "fields": {
        "action_time": "2024-11-28T23:03:58.981Z",
        "user": 1,
        "content_type": 8,
        "object_id": "5",
        "object_repr": "front1@testing.com",
        "action_flag": 3,
        "change_message": ""
    }
},
{
    "model": "admin.logentry",
    "pk": 7,
    "fields": {
        "action_time": "2024-11-28T23:04:04.481Z",
        "user": 1,
        "content_type": 8,
        "object_id": "4",
        "object_repr": "front@testing.com",
        "action_flag": 3,
        "change_message": ""
    }
},
{
    "model": "admin.logentry",
    "pk": 8,
    "fields": {
        "action_time": "2024-11-28T23:04:07.758Z",
        "user": 1,
        "content_type": 8,
        "object_id": "2",
        "object_repr": "test@testing.com",
        "action_flag": 3,
        "change_message": ""
    }
},
{
    "model": "admin.logentry",
    "pk": 9,
    "fields": {
        "action_time": "2024-11-28T23:04:11.125Z",
        "user": 1,
        "content_type": 8,
        "object_id": "9",
        "object_repr": "testuserA@testing.com",
        "action_flag": 3,
        "change_message": ""
    }
},
{
    "model": "sessions.session",
    "pk": "9mev65amcg4ij25b4a8ud9zd1273djnx",
    "fields": {
        "session_data": ".eJxVjMEOwiAQRP-FsyEgLLQevfsNZFm2UjWQlPZk_Hdp0oPeJm_ezFsE3NYctsZLmJO4CC1OvywiPbnsRXpguVdJtazLHOWuyKNt8lYTv66H-3eQseW-VphAKQWoaeph8ucR1Tgog44J2DDGmKAjFz14NNZoG5k8kEVHgxWfL9zJN-A:1tFuEl:iMxpGR_I9CGdgzqsBopkwFr6popJIgLztccvfnftas0",
        "expire_date": "2024-12-10T12:00:11.323Z"
    }
},
{
    "model": "token_blacklist.outstandingtoken",
    "pk": 1,
    "fields": {
        "user": null,
        "jti": "4e608a8c3afc4d69ba7c11186c6fc20e",
        "token": "eyJhbGciOiJIUzI1NiIsInR5cCI6IkpXVCJ9.eyJ0b2tlbl90eXBlIjoicmVmcmVzaCIsImV4cCI6MTczMjEwNTM4NCwiaWF0IjoxNzMyMDE4OTg0LCJqdGkiOiI0ZTYwOGE4YzNhZmM0ZDY5YmE3YzExMTg2YzZmYzIwZSIsInVzZXJfaWQiOjJ9.jFR66Srw_NmNfD4piQ8KzxJbuC54obPWM9qjKCxCTuM",
        "created_at": "2024-11-19T12:23:04.625Z",
        "expires_at": "2024-11-20T12:23:04Z"
    }
},
{
    "model": "token_blacklist.outstandingtoken",
    "pk": 2,
    "fields": {
        "user": null,
        "jti": "606ed0a742814590bec96177e2342ae7",
        "token": "eyJhbGciOiJIUzI1NiIsInR5cCI6IkpXVCJ9.eyJ0b2tlbl90eXBlIjoicmVmcmVzaCIsImV4cCI6MTczMjEwNzQyMCwiaWF0IjoxNzMyMDIxMDIwLCJqdGkiOiI2MDZlZDBhNzQyODE0NTkwYmVjOTYxNzdlMjM0MmFlNyIsInVzZXJfaWQiOjN9.6P6OUI4BgrTHRuAhYmPzUuqBYnBY9RsGqbBHeTlWXAE",
        "created_at": "2024-11-19T12:57:00.530Z",
        "expires_at": "2024-11-20T12:57:00Z"
    }
},
{
    "model": "token_blacklist.outstandingtoken",
    "pk": 3,
    "fields": {
        "user": null,
        "jti": "dc160f3888314bfc912d4271665c125e",
        "token": "eyJhbGciOiJIUzI1NiIsInR5cCI6IkpXVCJ9.eyJ0b2tlbl90eXBlIjoicmVmcmVzaCIsImV4cCI6MTczMjIxMDUwMSwiaWF0IjoxNzMyMTI0MTAxLCJqdGkiOiJkYzE2MGYzODg4MzE0YmZjOTEyZDQyNzE2NjVjMTI1ZSIsInVzZXJfaWQiOjR9._sN2Ij9xRLsJAz8AIX_5GwyPvPYc6NRgkROlY8YvkMA",
        "created_at": "2024-11-20T17:35:01.081Z",
        "expires_at": "2024-11-21T17:35:01Z"
    }
},
{
    "model": "token_blacklist.outstandingtoken",
    "pk": 4,
    "fields": {
        "user": null,
        "jti": "7f3b67e6f42a4eac92e6546e7cf39014",
        "token": "eyJhbGciOiJIUzI1NiIsInR5cCI6IkpXVCJ9.eyJ0b2tlbl90eXBlIjoicmVmcmVzaCIsImV4cCI6MTczMjIxMDgxMiwiaWF0IjoxNzMyMTI0NDEyLCJqdGkiOiI3ZjNiNjdlNmY0MmE0ZWFjOTJlNjU0NmU3Y2YzOTAxNCIsInVzZXJfaWQiOjR9.aj3YMAhjCeTHmo4r1eiHdinkzxKvZ57s9PUbpOc7GWU",
        "created_at": "2024-11-20T17:40:12.340Z",
        "expires_at": "2024-11-21T17:40:12Z"
    }
},
{
    "model": "token_blacklist.outstandingtoken",
    "pk": 5,
    "fields": {
        "user": null,
        "jti": "ae536dc03da64132b5e4c84cfcb24ba7",
        "token": "eyJhbGciOiJIUzI1NiIsInR5cCI6IkpXVCJ9.eyJ0b2tlbl90eXBlIjoicmVmcmVzaCIsImV4cCI6MTczMjIxMTYyNiwiaWF0IjoxNzMyMTI1MjI2LCJqdGkiOiJhZTUzNmRjMDNkYTY0MTMyYjVlNGM4NGNmY2IyNGJhNyIsInVzZXJfaWQiOjV9.Zt8nyemc6HQmY8gcXtnsdbR6NoJhRdtm7lxrx6utig4",
        "created_at": "2024-11-20T17:53:46.058Z",
        "expires_at": "2024-11-21T17:53:46Z"
    }
},
{
    "model": "token_blacklist.outstandingtoken",
    "pk": 6,
    "fields": {
        "user": null,
        "jti": "8e2cd173130a41f992033d6569824574",
        "token": "eyJhbGciOiJIUzI1NiIsInR5cCI6IkpXVCJ9.eyJ0b2tlbl90eXBlIjoicmVmcmVzaCIsImV4cCI6MTczMjIxMTY3OSwiaWF0IjoxNzMyMTI1Mjc5LCJqdGkiOiI4ZTJjZDE3MzEzMGE0MWY5OTIwMzNkNjU2OTgyNDU3NCIsInVzZXJfaWQiOjZ9.eX5UkBhB96gjXo8wKegMQGpHgWR_zy_pmvmbOe2vayM",
        "created_at": "2024-11-20T17:54:39.540Z",
        "expires_at": "2024-11-21T17:54:39Z"
    }
},
{
    "model": "token_blacklist.outstandingtoken",
    "pk": 7,
    "fields": {
        "user": null,
        "jti": "b75c3d8fe2d94ca7a23ebffb60424bdd",
        "token": "eyJhbGciOiJIUzI1NiIsInR5cCI6IkpXVCJ9.eyJ0b2tlbl90eXBlIjoicmVmcmVzaCIsImV4cCI6MTczMjIxMTc5OCwiaWF0IjoxNzMyMTI1Mzk4LCJqdGkiOiJiNzVjM2Q4ZmUyZDk0Y2E3YTIzZWJmZmI2MDQyNGJkZCIsInVzZXJfaWQiOjZ9.RgArBH527W7P_bJR1EtiTx7sdCR6-q2YQMmGpGs04Lw",
        "created_at": "2024-11-20T17:56:38.305Z",
        "expires_at": "2024-11-21T17:56:38Z"
    }
},
{
    "model": "token_blacklist.outstandingtoken",
    "pk": 8,
    "fields": {
        "user": null,
        "jti": "78cdb93a13794597bb58ed5357f6288c",
        "token": "eyJhbGciOiJIUzI1NiIsInR5cCI6IkpXVCJ9.eyJ0b2tlbl90eXBlIjoicmVmcmVzaCIsImV4cCI6MTczMjIxMTgzOSwiaWF0IjoxNzMyMTI1NDM5LCJqdGkiOiI3OGNkYjkzYTEzNzk0NTk3YmI1OGVkNTM1N2Y2Mjg4YyIsInVzZXJfaWQiOjZ9.kgVUKwBlZ1O04CPTwkxJyPBJ-EY7RnToMb8-Ar_pR1M",
        "created_at": "2024-11-20T17:57:19.721Z",
        "expires_at": "2024-11-21T17:57:19Z"
    }
},
{
    "model": "token_blacklist.outstandingtoken",
    "pk": 9,
    "fields": {
        "user": null,
        "jti": "807a19f4281d4352ba04aeaf36ab4356",
        "token": "eyJhbGciOiJIUzI1NiIsInR5cCI6IkpXVCJ9.eyJ0b2tlbl90eXBlIjoicmVmcmVzaCIsImV4cCI6MTczMjIxMTg3MSwiaWF0IjoxNzMyMTI1NDcxLCJqdGkiOiI4MDdhMTlmNDI4MWQ0MzUyYmEwNGFlYWYzNmFiNDM1NiIsInVzZXJfaWQiOjd9.FDzA7npg8EIc0BUD1Uo-HIV4i-319Ea3HKZz_gr0fds",
        "created_at": "2024-11-20T17:57:51.172Z",
        "expires_at": "2024-11-21T17:57:51Z"
    }
},
{
    "model": "token_blacklist.outstandingtoken",
    "pk": 10,
    "fields": {
        "user": null,
        "jti": "93dba3d7e24e41b8a11fe26b824da081",
        "token": "eyJhbGciOiJIUzI1NiIsInR5cCI6IkpXVCJ9.eyJ0b2tlbl90eXBlIjoicmVmcmVzaCIsImV4cCI6MTczMjIxMTg4NCwiaWF0IjoxNzMyMTI1NDg0LCJqdGkiOiI5M2RiYTNkN2UyNGU0MWI4YTExZmUyNmI4MjRkYTA4MSIsInVzZXJfaWQiOjd9.W2ztESGamHl5RR1M6PFGlcKy1p6T_K7Gdm4JmenA12U",
        "created_at": "2024-11-20T17:58:04.629Z",
        "expires_at": "2024-11-21T17:58:04Z"
    }
},
{
    "model": "token_blacklist.outstandingtoken",
    "pk": 11,
    "fields": {
        "user": 1,
        "jti": "de0ee06a1bec4ebb961253c82e9082f5",
        "token": "eyJhbGciOiJIUzI1NiIsInR5cCI6IkpXVCJ9.eyJ0b2tlbl90eXBlIjoicmVmcmVzaCIsImV4cCI6MTczMjIyMTQ3NywiaWF0IjoxNzMyMTM1MDc3LCJqdGkiOiJkZTBlZTA2YTFiZWM0ZWJiOTYxMjUzYzgyZTkwODJmNSIsInVzZXJfaWQiOjF9.kS9jfiHOD_AIrlXNwlG44kAmLKbKLGwTfwVrsbM1lkU",
        "created_at": "2024-11-20T20:37:57.067Z",
        "expires_at": "2024-11-21T20:37:57Z"
    }
},
{
    "model": "token_blacklist.outstandingtoken",
    "pk": 12,
    "fields": {
        "user": 1,
        "jti": "7f03b11d058c4c46ac1af584ead236a8",
        "token": "eyJhbGciOiJIUzI1NiIsInR5cCI6IkpXVCJ9.eyJ0b2tlbl90eXBlIjoicmVmcmVzaCIsImV4cCI6MTczMjIyMTUyNSwiaWF0IjoxNzMyMTM1MTI1LCJqdGkiOiI3ZjAzYjExZDA1OGM0YzQ2YWMxYWY1ODRlYWQyMzZhOCIsInVzZXJfaWQiOjF9.ojUBpektaG0V5arfB8gZlYX4odovERD8aABHBFqQHSQ",
        "created_at": "2024-11-20T20:38:45.130Z",
        "expires_at": "2024-11-21T20:38:45Z"
    }
},
{
    "model": "token_blacklist.outstandingtoken",
    "pk": 13,
    "fields": {
        "user": 1,
        "jti": "e74489f5b5a94543a3e4c59ff7b629e7",
        "token": "eyJhbGciOiJIUzI1NiIsInR5cCI6IkpXVCJ9.eyJ0b2tlbl90eXBlIjoicmVmcmVzaCIsImV4cCI6MTczMjIyNTg2NiwiaWF0IjoxNzMyMTM5NDY2LCJqdGkiOiJlNzQ0ODlmNWI1YTk0NTQzYTNlNGM1OWZmN2I2MjllNyIsInVzZXJfaWQiOjF9.lomHfSvxwUb1xj5DZ48NpmdWerzcxcNuKCG5y5tJ3Hg",
        "created_at": "2024-11-20T21:51:06.295Z",
        "expires_at": "2024-11-21T21:51:06Z"
    }
},
{
    "model": "token_blacklist.outstandingtoken",
    "pk": 14,
    "fields": {
        "user": 1,
        "jti": "f861e55317ef47c9b8e2d89ac965bf13",
        "token": "eyJhbGciOiJIUzI1NiIsInR5cCI6IkpXVCJ9.eyJ0b2tlbl90eXBlIjoicmVmcmVzaCIsImV4cCI6MTczMjIyNjAwNiwiaWF0IjoxNzMyMTM5NjA2LCJqdGkiOiJmODYxZTU1MzE3ZWY0N2M5YjhlMmQ4OWFjOTY1YmYxMyIsInVzZXJfaWQiOjF9.1eV99kSX4s4dU6oc_Wfa-88ZEwJyCY-5nvuRNUSFNSo",
        "created_at": "2024-11-20T21:53:26.088Z",
        "expires_at": "2024-11-21T21:53:26Z"
    }
},
{
    "model": "token_blacklist.outstandingtoken",
    "pk": 15,
    "fields": {
        "user": 1,
        "jti": "0f9102cd0ccc4e3c9660a520286be96b",
        "token": "eyJhbGciOiJIUzI1NiIsInR5cCI6IkpXVCJ9.eyJ0b2tlbl90eXBlIjoicmVmcmVzaCIsImV4cCI6MTczMjIyNjE4NiwiaWF0IjoxNzMyMTM5Nzg2LCJqdGkiOiIwZjkxMDJjZDBjY2M0ZTNjOTY2MGE1MjAyODZiZTk2YiIsInVzZXJfaWQiOjF9.awpRg2xWpXZGycaSXXQedY_cSaUw_RfgBOOXI3NQixI",
        "created_at": "2024-11-20T21:56:26.379Z",
        "expires_at": "2024-11-21T21:56:26Z"
    }
},
{
    "model": "token_blacklist.outstandingtoken",
    "pk": 16,
    "fields": {
        "user": 1,
        "jti": "2ea7c3a7d7fa422a8ed64ca6324bcb89",
        "token": "eyJhbGciOiJIUzI1NiIsInR5cCI6IkpXVCJ9.eyJ0b2tlbl90eXBlIjoicmVmcmVzaCIsImV4cCI6MTczMjIyODM1MiwiaWF0IjoxNzMyMTQxOTUyLCJqdGkiOiIyZWE3YzNhN2Q3ZmE0MjJhOGVkNjRjYTYzMjRiY2I4OSIsInVzZXJfaWQiOjF9.cy9Mp3e1KH8jq3xaSsBUOw617Qp3ljCQTIrxtqbN0b0",
        "created_at": "2024-11-20T22:32:32.437Z",
        "expires_at": "2024-11-21T22:32:32Z"
    }
},
{
    "model": "token_blacklist.outstandingtoken",
    "pk": 17,
    "fields": {
        "user": 1,
        "jti": "5d86064eff584c179066a04d1d723273",
        "token": "eyJhbGciOiJIUzI1NiIsInR5cCI6IkpXVCJ9.eyJ0b2tlbl90eXBlIjoicmVmcmVzaCIsImV4cCI6MTczMjIzMDg5MSwiaWF0IjoxNzMyMTQ0NDkxLCJqdGkiOiI1ZDg2MDY0ZWZmNTg0YzE3OTA2NmEwNGQxZDcyMzI3MyIsInVzZXJfaWQiOjF9.Nb4DN51UwyR8OmmzIGUAL0dHTOHHAr-UaGsHyEISvS4",
        "created_at": "2024-11-20T23:14:51.399Z",
        "expires_at": "2024-11-21T23:14:51Z"
    }
},
{
    "model": "token_blacklist.outstandingtoken",
    "pk": 18,
    "fields": {
        "user": 1,
        "jti": "b979e82272624c8a84d12f39db2d65fa",
        "token": "eyJhbGciOiJIUzI1NiIsInR5cCI6IkpXVCJ9.eyJ0b2tlbl90eXBlIjoicmVmcmVzaCIsImV4cCI6MTczMjIzMTEwNSwiaWF0IjoxNzMyMTQ0NzA1LCJqdGkiOiJiOTc5ZTgyMjcyNjI0YzhhODRkMTJmMzlkYjJkNjVmYSIsInVzZXJfaWQiOjF9.dgQhPYSCWTT0ikM9Y7cCmw8LSBDKwRQb3UGegS_G7UM",
        "created_at": "2024-11-20T23:18:25.432Z",
        "expires_at": "2024-11-21T23:18:25Z"
    }
},
{
    "model": "token_blacklist.outstandingtoken",
    "pk": 19,
    "fields": {
        "user": null,
        "jti": "1f4e5cb3000d4da19ca0b01fe3c7d3de",
        "token": "eyJhbGciOiJIUzI1NiIsInR5cCI6IkpXVCJ9.eyJ0b2tlbl90eXBlIjoicmVmcmVzaCIsImV4cCI6MTczMjIzNTQwMiwiaWF0IjoxNzMyMTQ5MDAyLCJqdGkiOiIxZjRlNWNiMzAwMGQ0ZGExOWNhMGIwMWZlM2M3ZDNkZSIsInVzZXJfaWQiOjh9.9K-ACjZAHaEdTmTKuOkIVcKolzkqWQSNQQArD-e-n8o",
        "created_at": "2024-11-21T00:30:02.486Z",
        "expires_at": "2024-11-22T00:30:02Z"
    }
},
{
    "model": "token_blacklist.outstandingtoken",
    "pk": 20,
    "fields": {
        "user": null,
        "jti": "c56bb41a5fd04dd29bd7eb01ee885077",
        "token": "eyJhbGciOiJIUzI1NiIsInR5cCI6IkpXVCJ9.eyJ0b2tlbl90eXBlIjoicmVmcmVzaCIsImV4cCI6MTczMjIzNTQxNSwiaWF0IjoxNzMyMTQ5MDE1LCJqdGkiOiJjNTZiYjQxYTVmZDA0ZGQyOWJkN2ViMDFlZTg4NTA3NyIsInVzZXJfaWQiOjh9.gx66u36fjqGUlAPsL3vtqGTlm-Sq738x-EI9WapBQ5c",
        "created_at": "2024-11-21T00:30:15.571Z",
        "expires_at": "2024-11-22T00:30:15Z"
    }
},
{
    "model": "token_blacklist.outstandingtoken",
    "pk": 21,
    "fields": {
        "user": 1,
        "jti": "37e3252fa48e456f86f76abf7eee8469",
        "token": "eyJhbGciOiJIUzI1NiIsInR5cCI6IkpXVCJ9.eyJ0b2tlbl90eXBlIjoicmVmcmVzaCIsImV4cCI6MTczMjIzNTQyNywiaWF0IjoxNzMyMTQ5MDI3LCJqdGkiOiIzN2UzMjUyZmE0OGU0NTZmODZmNzZhYmY3ZWVlODQ2OSIsInVzZXJfaWQiOjF9.2PuZIWpQvipg7Ju8P8OF1tNlV9jS0PqYcWecmU9-p30",
        "created_at": "2024-11-21T00:30:27.293Z",
        "expires_at": "2024-11-22T00:30:27Z"
    }
},
{
    "model": "token_blacklist.outstandingtoken",
    "pk": 22,
    "fields": {
        "user": 1,
        "jti": "d5820fb5b57949d2bf927e2a11a98b74",
        "token": "eyJhbGciOiJIUzI1NiIsInR5cCI6IkpXVCJ9.eyJ0b2tlbl90eXBlIjoicmVmcmVzaCIsImV4cCI6MTczMjI3OTQ4NSwiaWF0IjoxNzMyMTkzMDg1LCJqdGkiOiJkNTgyMGZiNWI1Nzk0OWQyYmY5MjdlMmExMWE5OGI3NCIsInVzZXJfaWQiOjF9.YquoYkOC50M_nNe2Xb57uG_FN7MXehSy520DaFdCsE4",
        "created_at": "2024-11-21T12:44:45.112Z",
        "expires_at": "2024-11-22T12:44:45Z"
    }
},
{
    "model": "token_blacklist.outstandingtoken",
    "pk": 23,
    "fields": {
        "user": 1,
        "jti": "cf9333528efe4b29a08797fd3a6a0df5",
        "token": "eyJhbGciOiJIUzI1NiIsInR5cCI6IkpXVCJ9.eyJ0b2tlbl90eXBlIjoicmVmcmVzaCIsImV4cCI6MTczMjI4MTgyNywiaWF0IjoxNzMyMTk1NDI3LCJqdGkiOiJjZjkzMzM1MjhlZmU0YjI5YTA4Nzk3ZmQzYTZhMGRmNSIsInVzZXJfaWQiOjF9.KG5haL5QmuKerK2362odL1AZ53FImzl5I5JUUmh68Ek",
        "created_at": "2024-11-21T13:23:47.490Z",
        "expires_at": "2024-11-22T13:23:47Z"
    }
},
{
    "model": "token_blacklist.outstandingtoken",
    "pk": 24,
    "fields": {
        "user": 1,
        "jti": "047bd15a600145e69f6a0c807a9ae507",
        "token": "eyJhbGciOiJIUzI1NiIsInR5cCI6IkpXVCJ9.eyJ0b2tlbl90eXBlIjoicmVmcmVzaCIsImV4cCI6MTczMjI4NzY1MCwiaWF0IjoxNzMyMjAxMjUwLCJqdGkiOiIwNDdiZDE1YTYwMDE0NWU2OWY2YTBjODA3YTlhZTUwNyIsInVzZXJfaWQiOjF9.oNeo6IZzfhjF6k8AqKCYsh_g6V0zjsrX683YxCbM3bs",
        "created_at": "2024-11-21T15:00:50.545Z",
        "expires_at": "2024-11-22T15:00:50Z"
    }
},
{
    "model": "token_blacklist.outstandingtoken",
    "pk": 25,
    "fields": {
        "user": 1,
        "jti": "c475b6fb463644a892ccbe2c71194aae",
        "token": "eyJhbGciOiJIUzI1NiIsInR5cCI6IkpXVCJ9.eyJ0b2tlbl90eXBlIjoicmVmcmVzaCIsImV4cCI6MTczMjI4ODA1MSwiaWF0IjoxNzMyMjAxNjUxLCJqdGkiOiJjNDc1YjZmYjQ2MzY0NGE4OTJjY2JlMmM3MTE5NGFhZSIsInVzZXJfaWQiOjF9.sTsE0aEv-p32zzoVPqugeFEAmBCRwunHfr18AesScO0",
        "created_at": "2024-11-21T15:07:31.712Z",
        "expires_at": "2024-11-22T15:07:31Z"
    }
},
{
    "model": "token_blacklist.outstandingtoken",
    "pk": 26,
    "fields": {
        "user": 1,
        "jti": "64b844bbf4f140a8b4f3f1a184aa0676",
        "token": "eyJhbGciOiJIUzI1NiIsInR5cCI6IkpXVCJ9.eyJ0b2tlbl90eXBlIjoicmVmcmVzaCIsImV4cCI6MTczMjI5MDA4MCwiaWF0IjoxNzMyMjAzNjgwLCJqdGkiOiI2NGI4NDRiYmY0ZjE0MGE4YjRmM2YxYTE4NGFhMDY3NiIsInVzZXJfaWQiOjF9.DqL3lfNlnwdYY24v5Oq6a-Xpn0UKMwUs8IyP2JkoGQo",
        "created_at": "2024-11-21T15:41:20.003Z",
        "expires_at": "2024-11-22T15:41:20Z"
    }
},
{
    "model": "token_blacklist.outstandingtoken",
    "pk": 27,
    "fields": {
        "user": 1,
        "jti": "254ddf0e3e61457cb2685f8a6c90303c",
        "token": "eyJhbGciOiJIUzI1NiIsInR5cCI6IkpXVCJ9.eyJ0b2tlbl90eXBlIjoicmVmcmVzaCIsImV4cCI6MTczMjI5MDYxMiwiaWF0IjoxNzMyMjA0MjEyLCJqdGkiOiIyNTRkZGYwZTNlNjE0NTdjYjI2ODVmOGE2YzkwMzAzYyIsInVzZXJfaWQiOjF9.ZDSD9EyRFdwspvlgfSP4R2IIjMxrsLpGKqA2QKAMNFQ",
        "created_at": "2024-11-21T15:50:12.966Z",
        "expires_at": "2024-11-22T15:50:12Z"
    }
},
{
    "model": "token_blacklist.outstandingtoken",
    "pk": 28,
    "fields": {
        "user": 1,
        "jti": "0b9051b75e4847e4b86b0341bd86f1e5",
        "token": "eyJhbGciOiJIUzI1NiIsInR5cCI6IkpXVCJ9.eyJ0b2tlbl90eXBlIjoicmVmcmVzaCIsImV4cCI6MTczMjI5MTMxMSwiaWF0IjoxNzMyMjA0OTExLCJqdGkiOiIwYjkwNTFiNzVlNDg0N2U0Yjg2YjAzNDFiZDg2ZjFlNSIsInVzZXJfaWQiOjF9.KyGlxlhr5jNKTYln3SEfthJuD2vs4ieMgBtx_1Tzozs",
        "created_at": "2024-11-21T16:01:51.346Z",
        "expires_at": "2024-11-22T16:01:51Z"
    }
},
{
    "model": "token_blacklist.outstandingtoken",
    "pk": 29,
    "fields": {
        "user": 1,
        "jti": "202c6d0b3aa04d42b2615440239b9e98",
        "token": "eyJhbGciOiJIUzI1NiIsInR5cCI6IkpXVCJ9.eyJ0b2tlbl90eXBlIjoicmVmcmVzaCIsImV4cCI6MTczMjMxNDE0MywiaWF0IjoxNzMyMjI3NzQzLCJqdGkiOiIyMDJjNmQwYjNhYTA0ZDQyYjI2MTU0NDAyMzliOWU5OCIsInVzZXJfaWQiOjF9.LEe5drNJTY7_QGzif5no_RLXLkPb4Ty0HVbLPiCN9M8",
        "created_at": "2024-11-21T22:22:23.273Z",
        "expires_at": "2024-11-22T22:22:23Z"
    }
},
{
    "model": "token_blacklist.outstandingtoken",
    "pk": 30,
    "fields": {
        "user": 1,
        "jti": "d4033394abb24967a25f88eb7adeafa3",
        "token": "eyJhbGciOiJIUzI1NiIsInR5cCI6IkpXVCJ9.eyJ0b2tlbl90eXBlIjoicmVmcmVzaCIsImV4cCI6MTczMjMxNjc4OSwiaWF0IjoxNzMyMjMwMzg5LCJqdGkiOiJkNDAzMzM5NGFiYjI0OTY3YTI1Zjg4ZWI3YWRlYWZhMyIsInVzZXJfaWQiOjF9.NOCpx1aiuNyAENgcH7_A-B9is0_ng9fv9zRs_9PCTc8",
        "created_at": "2024-11-21T23:06:29.145Z",
        "expires_at": "2024-11-22T23:06:29Z"
    }
},
{
    "model": "token_blacklist.outstandingtoken",
    "pk": 31,
    "fields": {
        "user": 1,
        "jti": "148e436e21574502b64f25b3aa415c4b",
        "token": "eyJhbGciOiJIUzI1NiIsInR5cCI6IkpXVCJ9.eyJ0b2tlbl90eXBlIjoicmVmcmVzaCIsImV4cCI6MTczMjM3MDk3MCwiaWF0IjoxNzMyMjg0NTcwLCJqdGkiOiIxNDhlNDM2ZTIxNTc0NTAyYjY0ZjI1YjNhYTQxNWM0YiIsInVzZXJfaWQiOjF9.bjQ5D2T7I2QSIzO7Yj67YGsa79up9vWl7nPVFFo3fUM",
        "created_at": "2024-11-22T14:09:30.120Z",
        "expires_at": "2024-11-23T14:09:30Z"
    }
},
{
    "model": "token_blacklist.outstandingtoken",
    "pk": 32,
    "fields": {
        "user": null,
        "jti": "02fb00472b3d4d8283c15dea567ee20c",
        "token": "eyJhbGciOiJIUzI1NiIsInR5cCI6IkpXVCJ9.eyJ0b2tlbl90eXBlIjoicmVmcmVzaCIsImV4cCI6MTczMjM3MjcyNSwiaWF0IjoxNzMyMjg2MzI1LCJqdGkiOiIwMmZiMDA0NzJiM2Q0ZDgyODNjMTVkZWE1NjdlZTIwYyIsInVzZXJfaWQiOjJ9.srHvHW6_FGMoDiQropLq-Gs0xF0kcw8m1hQmwnpI0cA",
        "created_at": "2024-11-22T14:38:45.597Z",
        "expires_at": "2024-11-23T14:38:45Z"
    }
},
{
    "model": "token_blacklist.outstandingtoken",
    "pk": 33,
    "fields": {
        "user": null,
        "jti": "e6443f05bae04475afef66eb17706196",
        "token": "eyJhbGciOiJIUzI1NiIsInR5cCI6IkpXVCJ9.eyJ0b2tlbl90eXBlIjoicmVmcmVzaCIsImV4cCI6MTczMjM3MzMyMywiaWF0IjoxNzMyMjg2OTIzLCJqdGkiOiJlNjQ0M2YwNWJhZTA0NDc1YWZlZjY2ZWIxNzcwNjE5NiIsInVzZXJfaWQiOjJ9.PPDaEHn6CghjTYBNZUOpwpBnm4wLtEmLhGy46OsZiHg",
        "created_at": "2024-11-22T14:48:43.267Z",
        "expires_at": "2024-11-23T14:48:43Z"
    }
},
{
    "model": "token_blacklist.outstandingtoken",
    "pk": 34,
    "fields": {
        "user": 1,
        "jti": "5aa9baf397164eb9847d44c5252aa367",
        "token": "eyJhbGciOiJIUzI1NiIsInR5cCI6IkpXVCJ9.eyJ0b2tlbl90eXBlIjoicmVmcmVzaCIsImV4cCI6MTczMjM3MzM2NiwiaWF0IjoxNzMyMjg2OTY2LCJqdGkiOiI1YWE5YmFmMzk3MTY0ZWI5ODQ3ZDQ0YzUyNTJhYTM2NyIsInVzZXJfaWQiOjF9.xFpWpuZNF5LgM0FSdoxOqV29MZ_nQBg_ky9oEFdg4d0",
        "created_at": "2024-11-22T14:49:26.785Z",
        "expires_at": "2024-11-23T14:49:26Z"
    }
},
{
    "model": "token_blacklist.outstandingtoken",
    "pk": 35,
    "fields": {
        "user": null,
        "jti": "e7d817473474455f89a67a7fe9215f18",
        "token": "eyJhbGciOiJIUzI1NiIsInR5cCI6IkpXVCJ9.eyJ0b2tlbl90eXBlIjoicmVmcmVzaCIsImV4cCI6MTczMjM3NDM2MCwiaWF0IjoxNzMyMjg3OTYwLCJqdGkiOiJlN2Q4MTc0NzM0NzQ0NTVmODlhNjdhN2ZlOTIxNWYxOCIsInVzZXJfaWQiOjJ9.QxIV-PCpgMVPg_n2WAQYMcOP9v-0kwBTZHR4zU3Ug5Y",
        "created_at": "2024-11-22T15:06:00.046Z",
        "expires_at": "2024-11-23T15:06:00Z"
    }
},
{
    "model": "token_blacklist.outstandingtoken",
    "pk": 36,
    "fields": {
        "user": 1,
        "jti": "530d9f1a06c849b0b24bfd99e432c311",
        "token": "eyJhbGciOiJIUzI1NiIsInR5cCI6IkpXVCJ9.eyJ0b2tlbl90eXBlIjoicmVmcmVzaCIsImV4cCI6MTczMjM3OTM2MywiaWF0IjoxNzMyMjkyOTYzLCJqdGkiOiI1MzBkOWYxYTA2Yzg0OWIwYjI0YmZkOTllNDMyYzMxMSIsInVzZXJfaWQiOjF9.fgcvYX4vJjNSJzYfE6gzPhIg7myW7j-G3QsoK6TDHWI",
        "created_at": "2024-11-22T16:29:23.537Z",
        "expires_at": "2024-11-23T16:29:23Z"
    }
},
{
    "model": "token_blacklist.outstandingtoken",
    "pk": 37,
    "fields": {
        "user": 1,
        "jti": "956baf55640a4a2f8cb76daf4dd9c011",
        "token": "eyJhbGciOiJIUzI1NiIsInR5cCI6IkpXVCJ9.eyJ0b2tlbl90eXBlIjoicmVmcmVzaCIsImV4cCI6MTczMjM3OTYyMCwiaWF0IjoxNzMyMjkzMjIwLCJqdGkiOiI5NTZiYWY1NTY0MGE0YTJmOGNiNzZkYWY0ZGQ5YzAxMSIsInVzZXJfaWQiOjF9.q5n5ugV553P_GrxJO3RRf35Q4Dt3T88eKzU_vVsCsVI",
        "created_at": "2024-11-22T16:33:40.202Z",
        "expires_at": "2024-11-23T16:33:40Z"
    }
},
{
    "model": "token_blacklist.outstandingtoken",
    "pk": 38,
    "fields": {
        "user": 1,
        "jti": "36c402334be546f1b4e5ff039fbcc401",
        "token": "eyJhbGciOiJIUzI1NiIsInR5cCI6IkpXVCJ9.eyJ0b2tlbl90eXBlIjoicmVmcmVzaCIsImV4cCI6MTczMjU0MTMwMywiaWF0IjoxNzMyNDU0OTAzLCJqdGkiOiIzNmM0MDIzMzRiZTU0NmYxYjRlNWZmMDM5ZmJjYzQwMSIsInVzZXJfaWQiOjF9.xlO1EhTMF4hk73r1BYutm_M6YbeCEEJm_yBd8tiWL1k",
        "created_at": "2024-11-24T13:28:23.958Z",
        "expires_at": "2024-11-25T13:28:23Z"
    }
},
{
    "model": "token_blacklist.outstandingtoken",
    "pk": 39,
    "fields": {
        "user": 1,
        "jti": "86291dfd5fcb40758f42ddea68587b42",
        "token": "eyJhbGciOiJIUzI1NiIsInR5cCI6IkpXVCJ9.eyJ0b2tlbl90eXBlIjoicmVmcmVzaCIsImV4cCI6MTczMjU0MTMxNCwiaWF0IjoxNzMyNDU0OTE0LCJqdGkiOiI4NjI5MWRmZDVmY2I0MDc1OGY0MmRkZWE2ODU4N2I0MiIsInVzZXJfaWQiOjF9.e9H2kTR_Y3MTcSCmIHfFpzbBS2USFqK0wZ_iGoSAUT8",
        "created_at": "2024-11-24T13:28:34.626Z",
        "expires_at": "2024-11-25T13:28:34Z"
    }
},
{
    "model": "token_blacklist.outstandingtoken",
    "pk": 40,
    "fields": {
        "user": 1,
        "jti": "0031fcea1848436381b98f8a1622da43",
        "token": "eyJhbGciOiJIUzI1NiIsInR5cCI6IkpXVCJ9.eyJ0b2tlbl90eXBlIjoicmVmcmVzaCIsImV4cCI6MTczMjU0NjI0OCwiaWF0IjoxNzMyNDU5ODQ4LCJqdGkiOiIwMDMxZmNlYTE4NDg0MzYzODFiOThmOGExNjIyZGE0MyIsInVzZXJfaWQiOjF9.u5iyQTf4CeRP3diWzO1IIexusTJC3ijPL7iOEA1EYbU",
        "created_at": "2024-11-24T14:50:48.703Z",
        "expires_at": "2024-11-25T14:50:48Z"
    }
},
{
    "model": "token_blacklist.outstandingtoken",
    "pk": 41,
    "fields": {
        "user": 1,
        "jti": "675c0b7a128e45379c51e790c2749ab3",
        "token": "eyJhbGciOiJIUzI1NiIsInR5cCI6IkpXVCJ9.eyJ0b2tlbl90eXBlIjoicmVmcmVzaCIsImV4cCI6MTczMjU0NjI1OCwiaWF0IjoxNzMyNDU5ODU4LCJqdGkiOiI2NzVjMGI3YTEyOGU0NTM3OWM1MWU3OTBjMjc0OWFiMyIsInVzZXJfaWQiOjF9.bTZfL6tIrDe-Hht1Q78f__pqBWIGCcX7x4wzc85t6rI",
        "created_at": "2024-11-24T14:50:58.386Z",
        "expires_at": "2024-11-25T14:50:58Z"
    }
},
{
    "model": "token_blacklist.outstandingtoken",
    "pk": 42,
    "fields": {
        "user": 1,
        "jti": "b66430e01fde447a857ca71fb3e6c899",
        "token": "eyJhbGciOiJIUzI1NiIsInR5cCI6IkpXVCJ9.eyJ0b2tlbl90eXBlIjoicmVmcmVzaCIsImV4cCI6MTczMjU0Njk0MiwiaWF0IjoxNzMyNDYwNTQyLCJqdGkiOiJiNjY0MzBlMDFmZGU0NDdhODU3Y2E3MWZiM2U2Yzg5OSIsInVzZXJfaWQiOjF9.1n6cHlhk6cV_m2nSPrDkVC9Mp5mczBEMx1WQ7UOzIMU",
        "created_at": "2024-11-24T15:02:22.428Z",
        "expires_at": "2024-11-25T15:02:22Z"
    }
},
{
    "model": "token_blacklist.outstandingtoken",
    "pk": 43,
    "fields": {
        "user": 1,
        "jti": "0bfe520a433b41a79d86e54d56bfb29e",
        "token": "eyJhbGciOiJIUzI1NiIsInR5cCI6IkpXVCJ9.eyJ0b2tlbl90eXBlIjoicmVmcmVzaCIsImV4cCI6MTczMjU1MjIwMywiaWF0IjoxNzMyNDY1ODAzLCJqdGkiOiIwYmZlNTIwYTQzM2I0MWE3OWQ4NmU1NGQ1NmJmYjI5ZSIsInVzZXJfaWQiOjF9.3lx_TY7Sr1eb9V2zk306g6nsyGC2joV0TBQTeTcT8oY",
        "created_at": "2024-11-24T16:30:03.943Z",
        "expires_at": "2024-11-25T16:30:03Z"
    }
},
{
    "model": "token_blacklist.outstandingtoken",
    "pk": 44,
    "fields": {
        "user": 1,
        "jti": "681c19517adb4703829bfb2332c38232",
        "token": "eyJhbGciOiJIUzI1NiIsInR5cCI6IkpXVCJ9.eyJ0b2tlbl90eXBlIjoicmVmcmVzaCIsImV4cCI6MTczMjcwODk4MywiaWF0IjoxNzMyNjIyNTgzLCJqdGkiOiI2ODFjMTk1MTdhZGI0NzAzODI5YmZiMjMzMmMzODIzMiIsInVzZXJfaWQiOjF9.yhuKSv1GpaOTYqFPppVy4VzlDL5eLGYK2fwG7hgEDjA",
        "created_at": "2024-11-26T12:03:03.131Z",
        "expires_at": "2024-11-27T12:03:03Z"
    }
},
{
    "model": "token_blacklist.outstandingtoken",
    "pk": 45,
    "fields": {
        "user": 1,
        "jti": "7a5b78b27bd24772b68077c3b1d5c540",
        "token": "eyJhbGciOiJIUzI1NiIsInR5cCI6IkpXVCJ9.eyJ0b2tlbl90eXBlIjoicmVmcmVzaCIsImV4cCI6MTczMjcxMTc4OSwiaWF0IjoxNzMyNjI1Mzg5LCJqdGkiOiI3YTViNzhiMjdiZDI0NzcyYjY4MDc3YzNiMWQ1YzU0MCIsInVzZXJfaWQiOjF9.Hsg8767esDXDjAGMg837Rd3qvPTFFanyt_goJjS1LH4",
        "created_at": "2024-11-26T12:49:49.094Z",
        "expires_at": "2024-11-27T12:49:49Z"
    }
},
{
    "model": "token_blacklist.outstandingtoken",
    "pk": 46,
    "fields": {
        "user": 1,
        "jti": "e8603f37097e4cf18b52104f8586348f",
        "token": "eyJhbGciOiJIUzI1NiIsInR5cCI6IkpXVCJ9.eyJ0b2tlbl90eXBlIjoicmVmcmVzaCIsImV4cCI6MTczMjcxMjk3MiwiaWF0IjoxNzMyNjI2NTcyLCJqdGkiOiJlODYwM2YzNzA5N2U0Y2YxOGI1MjEwNGY4NTg2MzQ4ZiIsInVzZXJfaWQiOjF9.L2zhf8IDKzCWq59l4h1AywNTN7hzwSUxanw3M4y4kEA",
        "created_at": "2024-11-26T13:09:32.128Z",
        "expires_at": "2024-11-27T13:09:32Z"
    }
},
{
    "model": "token_blacklist.outstandingtoken",
    "pk": 47,
    "fields": {
        "user": 1,
        "jti": "c2dd8bd0035343a6a1e1d4bf448d9f84",
        "token": "eyJhbGciOiJIUzI1NiIsInR5cCI6IkpXVCJ9.eyJ0b2tlbl90eXBlIjoicmVmcmVzaCIsImV4cCI6MTczMjcxNDIwMiwiaWF0IjoxNzMyNjI3ODAyLCJqdGkiOiJjMmRkOGJkMDAzNTM0M2E2YTFlMWQ0YmY0NDhkOWY4NCIsInVzZXJfaWQiOjF9.QdMF7xakUBFN4DA359KLGFz5mkpo0I780M2y59WIoKU",
        "created_at": "2024-11-26T13:30:02.931Z",
        "expires_at": "2024-11-27T13:30:02Z"
    }
},
{
    "model": "token_blacklist.outstandingtoken",
    "pk": 48,
    "fields": {
        "user": 1,
        "jti": "c449984b1f4547afb61e174cfbac7e37",
        "token": "eyJhbGciOiJIUzI1NiIsInR5cCI6IkpXVCJ9.eyJ0b2tlbl90eXBlIjoicmVmcmVzaCIsImV4cCI6MTczMjcxNTAzNywiaWF0IjoxNzMyNjI4NjM3LCJqdGkiOiJjNDQ5OTg0YjFmNDU0N2FmYjYxZTE3NGNmYmFjN2UzNyIsInVzZXJfaWQiOjF9.TIdoTu-b6owYWOJnCM5FBfGB36_JyRtTeqAks1yPL2Q",
        "created_at": "2024-11-26T13:43:57.606Z",
        "expires_at": "2024-11-27T13:43:57Z"
    }
},
{
    "model": "token_blacklist.outstandingtoken",
    "pk": 49,
    "fields": {
        "user": null,
        "jti": "6f71576e39794664b87d2c141c88d005",
        "token": "eyJhbGciOiJIUzI1NiIsInR5cCI6IkpXVCJ9.eyJ0b2tlbl90eXBlIjoicmVmcmVzaCIsImV4cCI6MTczMjcxNzE4MCwiaWF0IjoxNzMyNjMwNzgwLCJqdGkiOiI2ZjcxNTc2ZTM5Nzk0NjY0Yjg3ZDJjMTQxYzg4ZDAwNSIsInVzZXJfaWQiOjl9.zy1PZIXFMlvUnLen0PZFH5R-UoZMUvOML4rikCh39RI",
        "created_at": "2024-11-26T14:19:40.767Z",
        "expires_at": "2024-11-27T14:19:40Z"
    }
},
{
    "model": "token_blacklist.outstandingtoken",
    "pk": 50,
    "fields": {
        "user": 1,
        "jti": "de13d3b66884414bac4052b9e07b0d3d",
        "token": "eyJhbGciOiJIUzI1NiIsInR5cCI6IkpXVCJ9.eyJ0b2tlbl90eXBlIjoicmVmcmVzaCIsImV4cCI6MTczMjcxODQ5NiwiaWF0IjoxNzMyNjMyMDk2LCJqdGkiOiJkZTEzZDNiNjY4ODQ0MTRiYWM0MDUyYjllMDdiMGQzZCIsInVzZXJfaWQiOjF9.9UeFfz9-vrLHc56iZZxcBYzBPRp_Jr4JyLr9Dq8dslE",
        "created_at": "2024-11-26T14:41:36.757Z",
        "expires_at": "2024-11-27T14:41:36Z"
    }
},
{
    "model": "token_blacklist.outstandingtoken",
    "pk": 51,
    "fields": {
        "user": 1,
        "jti": "d95a3c1b56d94725b02ec2fac8426672",
        "token": "eyJhbGciOiJIUzI1NiIsInR5cCI6IkpXVCJ9.eyJ0b2tlbl90eXBlIjoicmVmcmVzaCIsImV4cCI6MTczMjcxODgzMSwiaWF0IjoxNzMyNjMyNDMxLCJqdGkiOiJkOTVhM2MxYjU2ZDk0NzI1YjAyZWMyZmFjODQyNjY3MiIsInVzZXJfaWQiOjF9.JDaUi8qbHIdgQjZGSC0J9ovzXEtans3BiSMHad8qykU",
        "created_at": "2024-11-26T14:47:11.835Z",
        "expires_at": "2024-11-27T14:47:11Z"
    }
},
{
    "model": "token_blacklist.outstandingtoken",
    "pk": 52,
    "fields": {
        "user": 1,
        "jti": "89ab1e69cee74ed5941f30d23c8fcbac",
        "token": "eyJhbGciOiJIUzI1NiIsInR5cCI6IkpXVCJ9.eyJ0b2tlbl90eXBlIjoicmVmcmVzaCIsImV4cCI6MTczMjcxOTYxNSwiaWF0IjoxNzMyNjMzMjE1LCJqdGkiOiI4OWFiMWU2OWNlZTc0ZWQ1OTQxZjMwZDIzYzhmY2JhYyIsInVzZXJfaWQiOjF9.e2cSXD7x-BaXGWVbhS5Gymc1KhhCRNt6fELjbCrEXB0",
        "created_at": "2024-11-26T15:00:15.857Z",
        "expires_at": "2024-11-27T15:00:15Z"
    }
},
{
    "model": "token_blacklist.outstandingtoken",
    "pk": 53,
    "fields": {
        "user": 1,
        "jti": "6ba75bd20f794b308e50651327a51cbb",
        "token": "eyJhbGciOiJIUzI1NiIsInR5cCI6IkpXVCJ9.eyJ0b2tlbl90eXBlIjoicmVmcmVzaCIsImV4cCI6MTczMjcxOTg0NCwiaWF0IjoxNzMyNjMzNDQ0LCJqdGkiOiI2YmE3NWJkMjBmNzk0YjMwOGU1MDY1MTMyN2E1MWNiYiIsInVzZXJfaWQiOjF9.8SVngzXpz49tdAf2bOZuXfbUVr8duTiZVxgvBF2ZYNw",
        "created_at": "2024-11-26T15:04:04.529Z",
        "expires_at": "2024-11-27T15:04:04Z"
    }
},
{
    "model": "token_blacklist.outstandingtoken",
    "pk": 54,
    "fields": {
        "user": 1,
        "jti": "d71ce26ff05e40a6abdfae1a2894d656",
        "token": "eyJhbGciOiJIUzI1NiIsInR5cCI6IkpXVCJ9.eyJ0b2tlbl90eXBlIjoicmVmcmVzaCIsImV4cCI6MTczMjcyMDAxMywiaWF0IjoxNzMyNjMzNjEzLCJqdGkiOiJkNzFjZTI2ZmYwNWU0MGE2YWJkZmFlMWEyODk0ZDY1NiIsInVzZXJfaWQiOjF9.Wx2uyObh4dbicgHO5aHb0JQGDQ8zBWdxzQ9BBz0LcFk",
        "created_at": "2024-11-26T15:06:53.660Z",
        "expires_at": "2024-11-27T15:06:53Z"
    }
},
{
    "model": "token_blacklist.outstandingtoken",
    "pk": 55,
    "fields": {
        "user": 1,
        "jti": "f078014f6d17439e9d6c5bd49896db15",
        "token": "eyJhbGciOiJIUzI1NiIsInR5cCI6IkpXVCJ9.eyJ0b2tlbl90eXBlIjoicmVmcmVzaCIsImV4cCI6MTczMjcyMDAzNCwiaWF0IjoxNzMyNjMzNjM0LCJqdGkiOiJmMDc4MDE0ZjZkMTc0MzllOWQ2YzViZDQ5ODk2ZGIxNSIsInVzZXJfaWQiOjF9.CieN6VH422VfbhhMkefBjUleTffWVbUjrjNPtRo6LjA",
        "created_at": "2024-11-26T15:07:14.721Z",
        "expires_at": "2024-11-27T15:07:14Z"
    }
},
{
    "model": "token_blacklist.outstandingtoken",
    "pk": 56,
    "fields": {
        "user": 1,
        "jti": "526ad40ff9c54876b675bc0d1402d496",
        "token": "eyJhbGciOiJIUzI1NiIsInR5cCI6IkpXVCJ9.eyJ0b2tlbl90eXBlIjoicmVmcmVzaCIsImV4cCI6MTczMjcyMjc0NSwiaWF0IjoxNzMyNjM2MzQ1LCJqdGkiOiI1MjZhZDQwZmY5YzU0ODc2YjY3NWJjMGQxNDAyZDQ5NiIsInVzZXJfaWQiOjF9.mrdjlacvnRkg_vkxRqZ6sPFA5m_2vo5ZLqBo2AZEhzI",
        "created_at": "2024-11-26T15:52:25.649Z",
        "expires_at": "2024-11-27T15:52:25Z"
    }
},
{
    "model": "token_blacklist.outstandingtoken",
    "pk": 57,
    "fields": {
        "user": 1,
        "jti": "8af9db806435477fa161928d6393278b",
        "token": "eyJhbGciOiJIUzI1NiIsInR5cCI6IkpXVCJ9.eyJ0b2tlbl90eXBlIjoicmVmcmVzaCIsImV4cCI6MTczMjcyMjc1MiwiaWF0IjoxNzMyNjM2MzUyLCJqdGkiOiI4YWY5ZGI4MDY0MzU0NzdmYTE2MTkyOGQ2MzkzMjc4YiIsInVzZXJfaWQiOjF9.UTW_f5wxXu2xaj_9vL_kzgF29aMm8W3Sxfly2GCyhYk",
        "created_at": "2024-11-26T15:52:32.668Z",
        "expires_at": "2024-11-27T15:52:32Z"
    }
},
{
    "model": "token_blacklist.outstandingtoken",
    "pk": 58,
    "fields": {
        "user": 1,
        "jti": "2797ce7476494ebb8c8af7357d6a3650",
        "token": "eyJhbGciOiJIUzI1NiIsInR5cCI6IkpXVCJ9.eyJ0b2tlbl90eXBlIjoicmVmcmVzaCIsImV4cCI6MTczMjcyMjgyMSwiaWF0IjoxNzMyNjM2NDIxLCJqdGkiOiIyNzk3Y2U3NDc2NDk0ZWJiOGM4YWY3MzU3ZDZhMzY1MCIsInVzZXJfaWQiOjF9.JM5qnMerJfS92nl3IKGtOLIrbVhsl-SRFzkOOyNf_3Q",
        "created_at": "2024-11-26T15:53:41.428Z",
        "expires_at": "2024-11-27T15:53:41Z"
    }
},
{
    "model": "token_blacklist.outstandingtoken",
    "pk": 59,
    "fields": {
        "user": 1,
        "jti": "92c70d5cd9af47b1b0bcb50b24803c25",
        "token": "eyJhbGciOiJIUzI1NiIsInR5cCI6IkpXVCJ9.eyJ0b2tlbl90eXBlIjoicmVmcmVzaCIsImV4cCI6MTczMjcyNjY1NCwiaWF0IjoxNzMyNjQwMjU0LCJqdGkiOiI5MmM3MGQ1Y2Q5YWY0N2IxYjBiY2I1MGIyNDgwM2MyNSIsInVzZXJfaWQiOjF9.JcodQxuHC_gV_6t-vRPFE8CNZq6MSHeYZWbRfojPLpk",
        "created_at": "2024-11-26T16:57:34.431Z",
        "expires_at": "2024-11-27T16:57:34Z"
    }
},
{
    "model": "token_blacklist.outstandingtoken",
    "pk": 60,
    "fields": {
        "user": 1,
        "jti": "80dbacc0baad4a758bbaf010b905dd2e",
        "token": "eyJhbGciOiJIUzI1NiIsInR5cCI6IkpXVCJ9.eyJ0b2tlbl90eXBlIjoicmVmcmVzaCIsImV4cCI6MTczMjcyODE0NiwiaWF0IjoxNzMyNjQxNzQ2LCJqdGkiOiI4MGRiYWNjMGJhYWQ0YTc1OGJiYWYwMTBiOTA1ZGQyZSIsInVzZXJfaWQiOjF9.PoLpCGcmGlU-0WYf4QUxRy6o7aSX_ib5YrQD8SEMACI",
        "created_at": "2024-11-26T17:22:26.192Z",
        "expires_at": "2024-11-27T17:22:26Z"
    }
},
{
    "model": "token_blacklist.outstandingtoken",
    "pk": 61,
    "fields": {
        "user": 1,
        "jti": "9fae3c40b69c4652b0e2631f13cb4374",
        "token": "eyJhbGciOiJIUzI1NiIsInR5cCI6IkpXVCJ9.eyJ0b2tlbl90eXBlIjoicmVmcmVzaCIsImV4cCI6MTczMjczMjkxOSwiaWF0IjoxNzMyNjQ2NTE5LCJqdGkiOiI5ZmFlM2M0MGI2OWM0NjUyYjBlMjYzMWYxM2NiNDM3NCIsInVzZXJfaWQiOjF9.S_MrALVMm7B_COhpMqJ6F3LqkXsWPw0ht60YfTWYzsI",
        "created_at": "2024-11-26T18:41:59.665Z",
        "expires_at": "2024-11-27T18:41:59Z"
    }
},
{
    "model": "token_blacklist.outstandingtoken",
    "pk": 62,
    "fields": {
        "user": 1,
        "jti": "0de255f8c54b48e4b0332a64d079aba9",
        "token": "eyJhbGciOiJIUzI1NiIsInR5cCI6IkpXVCJ9.eyJ0b2tlbl90eXBlIjoicmVmcmVzaCIsImV4cCI6MTczMjczMzAxOSwiaWF0IjoxNzMyNjQ2NjE5LCJqdGkiOiIwZGUyNTVmOGM1NGI0OGU0YjAzMzJhNjRkMDc5YWJhOSIsInVzZXJfaWQiOjF9.t8Uferd1rXmUo9y0rFMm6Br7UBJMBODOc1g_Ioos2co",
        "created_at": "2024-11-26T18:43:39.552Z",
        "expires_at": "2024-11-27T18:43:39Z"
    }
},
{
    "model": "token_blacklist.outstandingtoken",
    "pk": 63,
    "fields": {
        "user": 1,
        "jti": "cd2d19f142bd4ab3817872e8a9e8706b",
        "token": "eyJhbGciOiJIUzI1NiIsInR5cCI6IkpXVCJ9.eyJ0b2tlbl90eXBlIjoicmVmcmVzaCIsImV4cCI6MTczMjczNDI0OCwiaWF0IjoxNzMyNjQ3ODQ4LCJqdGkiOiJjZDJkMTlmMTQyYmQ0YWIzODE3ODcyZThhOWU4NzA2YiIsInVzZXJfaWQiOjF9.-g-XBDxJiS7jkMSyoZKZH5rLpqK8_mMKF6DgOb9xB2Y",
        "created_at": "2024-11-26T19:04:08.884Z",
        "expires_at": "2024-11-27T19:04:08Z"
    }
},
{
    "model": "token_blacklist.outstandingtoken",
    "pk": 64,
    "fields": {
        "user": 1,
        "jti": "ced8a1bfb201473ea83cba3cd12a1384",
        "token": "eyJhbGciOiJIUzI1NiIsInR5cCI6IkpXVCJ9.eyJ0b2tlbl90eXBlIjoicmVmcmVzaCIsImV4cCI6MTczMjczNDI5MCwiaWF0IjoxNzMyNjQ3ODkwLCJqdGkiOiJjZWQ4YTFiZmIyMDE0NzNlYTgzY2JhM2NkMTJhMTM4NCIsInVzZXJfaWQiOjF9.Aq8deUGyXJPGr01HWeYV-gbG_EiCsB3BHiq1428sDFU",
        "created_at": "2024-11-26T19:04:50.335Z",
        "expires_at": "2024-11-27T19:04:50Z"
    }
},
{
    "model": "token_blacklist.outstandingtoken",
    "pk": 65,
    "fields": {
        "user": 1,
        "jti": "6d2ae78af8114209b9210308c934c174",
        "token": "eyJhbGciOiJIUzI1NiIsInR5cCI6IkpXVCJ9.eyJ0b2tlbl90eXBlIjoicmVmcmVzaCIsImV4cCI6MTczMjczNDYxMywiaWF0IjoxNzMyNjQ4MjEzLCJqdGkiOiI2ZDJhZTc4YWY4MTE0MjA5YjkyMTAzMDhjOTM0YzE3NCIsInVzZXJfaWQiOjF9.ieu6tbk6m5YfbykDPGFijdZkhj8lL5nJ9LIMnUgt4DI",
        "created_at": "2024-11-26T19:10:13.005Z",
        "expires_at": "2024-11-27T19:10:13Z"
    }
},
{
    "model": "token_blacklist.outstandingtoken",
    "pk": 66,
    "fields": {
        "user": 1,
        "jti": "071d1f36cd134c5cb096025ce7ca7d38",
        "token": "eyJhbGciOiJIUzI1NiIsInR5cCI6IkpXVCJ9.eyJ0b2tlbl90eXBlIjoicmVmcmVzaCIsImV4cCI6MTczMjc0MDY0NCwiaWF0IjoxNzMyNjU0MjQ0LCJqdGkiOiIwNzFkMWYzNmNkMTM0YzVjYjA5NjAyNWNlN2NhN2QzOCIsInVzZXJfaWQiOjF9.GcjGWuLkAnMANAZ-yLxI_wsicPt-a_jKfdCCX2aL1R0",
        "created_at": "2024-11-26T20:50:44.763Z",
        "expires_at": "2024-11-27T20:50:44Z"
    }
},
{
    "model": "token_blacklist.outstandingtoken",
    "pk": 67,
    "fields": {
        "user": 1,
        "jti": "98701da4717f4bc3a8dcc6dd6c513255",
        "token": "eyJhbGciOiJIUzI1NiIsInR5cCI6IkpXVCJ9.eyJ0b2tlbl90eXBlIjoicmVmcmVzaCIsImV4cCI6MTczMjc0MjYxOCwiaWF0IjoxNzMyNjU2MjE4LCJqdGkiOiI5ODcwMWRhNDcxN2Y0YmMzYThkY2M2ZGQ2YzUxMzI1NSIsInVzZXJfaWQiOjF9.XQcSSxPoSJoIknMb3e2ySGz6otqZtLwc2L19fmbUodY",
        "created_at": "2024-11-26T21:23:38.908Z",
        "expires_at": "2024-11-27T21:23:38Z"
    }
},
{
    "model": "token_blacklist.outstandingtoken",
    "pk": 68,
    "fields": {
        "user": 1,
        "jti": "652f4d11013741778adb1e205c8425af",
        "token": "eyJhbGciOiJIUzI1NiIsInR5cCI6IkpXVCJ9.eyJ0b2tlbl90eXBlIjoicmVmcmVzaCIsImV4cCI6MTczMjc0MjYzMiwiaWF0IjoxNzMyNjU2MjMyLCJqdGkiOiI2NTJmNGQxMTAxMzc0MTc3OGFkYjFlMjA1Yzg0MjVhZiIsInVzZXJfaWQiOjF9.BacPXKSp_svmwNqS3D6zxuOFplowS_kgeeQaTI2fAG4",
        "created_at": "2024-11-26T21:23:52.143Z",
        "expires_at": "2024-11-27T21:23:52Z"
    }
},
{
    "model": "token_blacklist.outstandingtoken",
    "pk": 69,
    "fields": {
        "user": 1,
        "jti": "a085d01758d546af9ecb9ddaf3db3e65",
        "token": "eyJhbGciOiJIUzI1NiIsInR5cCI6IkpXVCJ9.eyJ0b2tlbl90eXBlIjoicmVmcmVzaCIsImV4cCI6MTczMjc0MjY3NCwiaWF0IjoxNzMyNjU2Mjc0LCJqdGkiOiJhMDg1ZDAxNzU4ZDU0NmFmOWVjYjlkZGFmM2RiM2U2NSIsInVzZXJfaWQiOjF9.Rp9gwZmKJoENSyfLJt_J3kcPLb6vBDuaB2S9sToSAj0",
        "created_at": "2024-11-26T21:24:34.844Z",
        "expires_at": "2024-11-27T21:24:34Z"
    }
},
{
    "model": "token_blacklist.outstandingtoken",
    "pk": 70,
    "fields": {
        "user": 1,
        "jti": "483fc3a3a33542c29521eaed33a4c04d",
        "token": "eyJhbGciOiJIUzI1NiIsInR5cCI6IkpXVCJ9.eyJ0b2tlbl90eXBlIjoicmVmcmVzaCIsImV4cCI6MTczMjc5NTQ2NCwiaWF0IjoxNzMyNzA5MDY0LCJqdGkiOiI0ODNmYzNhM2EzMzU0MmMyOTUyMWVhZWQzM2E0YzA0ZCIsInVzZXJfaWQiOjF9.6Y5UH5NF-THVVvx-w0TNEgmcIfCcxRchHx55UdIb0_4",
        "created_at": "2024-11-27T12:04:24.809Z",
        "expires_at": "2024-11-28T12:04:24Z"
    }
},
{
    "model": "token_blacklist.outstandingtoken",
    "pk": 71,
    "fields": {
        "user": 1,
        "jti": "c802ee1061684cd69a398cec2504a813",
        "token": "eyJhbGciOiJIUzI1NiIsInR5cCI6IkpXVCJ9.eyJ0b2tlbl90eXBlIjoicmVmcmVzaCIsImV4cCI6MTczMjc5NzA4NywiaWF0IjoxNzMyNzEwNjg3LCJqdGkiOiJjODAyZWUxMDYxNjg0Y2Q2OWEzOThjZWMyNTA0YTgxMyIsInVzZXJfaWQiOjF9.NjDklvJAo3RMMnhEhkgq1Zm8GS0g5UmMWJSBeOGYq_c",
        "created_at": "2024-11-27T12:31:27.489Z",
        "expires_at": "2024-11-28T12:31:27Z"
    }
},
{
    "model": "token_blacklist.outstandingtoken",
    "pk": 72,
    "fields": {
        "user": 1,
        "jti": "a91eb8b2618441feb3bb7c4c73203da3",
        "token": "eyJhbGciOiJIUzI1NiIsInR5cCI6IkpXVCJ9.eyJ0b2tlbl90eXBlIjoicmVmcmVzaCIsImV4cCI6MTczMjc5NzExNiwiaWF0IjoxNzMyNzEwNzE2LCJqdGkiOiJhOTFlYjhiMjYxODQ0MWZlYjNiYjdjNGM3MzIwM2RhMyIsInVzZXJfaWQiOjF9.XML6wNDx0yRHJTQtCRoGNOOthjPF4wovwKPRnOZ5cZs",
        "created_at": "2024-11-27T12:31:56.164Z",
        "expires_at": "2024-11-28T12:31:56Z"
    }
},
{
    "model": "token_blacklist.outstandingtoken",
    "pk": 73,
    "fields": {
        "user": 1,
        "jti": "d15e0d9d7b0b41e694c6fbbfc9c1a7d9",
        "token": "eyJhbGciOiJIUzI1NiIsInR5cCI6IkpXVCJ9.eyJ0b2tlbl90eXBlIjoicmVmcmVzaCIsImV4cCI6MTczMjgwMDgzNSwiaWF0IjoxNzMyNzE0NDM1LCJqdGkiOiJkMTVlMGQ5ZDdiMGI0MWU2OTRjNmZiYmZjOWMxYTdkOSIsInVzZXJfaWQiOjF9.mrilSOAcuxG0luvGkSAWUvHAesN6rgexqzmyLhr17MQ",
        "created_at": "2024-11-27T13:33:55.371Z",
        "expires_at": "2024-11-28T13:33:55Z"
    }
},
{
    "model": "token_blacklist.outstandingtoken",
    "pk": 74,
    "fields": {
        "user": 1,
        "jti": "1b539969cfee4213aafb049402fbcaf8",
        "token": "eyJhbGciOiJIUzI1NiIsInR5cCI6IkpXVCJ9.eyJ0b2tlbl90eXBlIjoicmVmcmVzaCIsImV4cCI6MTczMjgwMzU4MCwiaWF0IjoxNzMyNzE3MTgwLCJqdGkiOiIxYjUzOTk2OWNmZWU0MjEzYWFmYjA0OTQwMmZiY2FmOCIsInVzZXJfaWQiOjF9.NUvBA315oyFaHerndgQNz2OVjc9gLjzFei-TX3WqgL4",
        "created_at": "2024-11-27T14:19:40.514Z",
        "expires_at": "2024-11-28T14:19:40Z"
    }
},
{
    "model": "token_blacklist.outstandingtoken",
    "pk": 75,
    "fields": {
        "user": 1,
        "jti": "6edacc9d7796458e8c64a0cc7e69bfaf",
        "token": "eyJhbGciOiJIUzI1NiIsInR5cCI6IkpXVCJ9.eyJ0b2tlbl90eXBlIjoicmVmcmVzaCIsImV4cCI6MTczMjgwNDQ5MCwiaWF0IjoxNzMyNzE4MDkwLCJqdGkiOiI2ZWRhY2M5ZDc3OTY0NThlOGM2NGEwY2M3ZTY5YmZhZiIsInVzZXJfaWQiOjF9.NAWnT1KYL2Nj_Tsd-ooP-a-WeGAT_bfo-xUQptlbqJ0",
        "created_at": "2024-11-27T14:34:50.918Z",
        "expires_at": "2024-11-28T14:34:50Z"
    }
},
{
    "model": "token_blacklist.outstandingtoken",
    "pk": 76,
    "fields": {
        "user": 1,
        "jti": "72330cee851d4030b0d8643c7c6ae75b",
        "token": "eyJhbGciOiJIUzI1NiIsInR5cCI6IkpXVCJ9.eyJ0b2tlbl90eXBlIjoicmVmcmVzaCIsImV4cCI6MTczMjgwNzYyMSwiaWF0IjoxNzMyNzIxMjIxLCJqdGkiOiI3MjMzMGNlZTg1MWQ0MDMwYjBkODY0M2M3YzZhZTc1YiIsInVzZXJfaWQiOjF9._OvDqSwWgGSmLx0TDFBaQ7iWWokoZyoSJo0juQYIglo",
        "created_at": "2024-11-27T15:27:01.558Z",
        "expires_at": "2024-11-28T15:27:01Z"
    }
},
{
    "model": "token_blacklist.outstandingtoken",
    "pk": 77,
    "fields": {
        "user": 1,
        "jti": "7420dbb7c31649608a75d53e9f926742",
        "token": "eyJhbGciOiJIUzI1NiIsInR5cCI6IkpXVCJ9.eyJ0b2tlbl90eXBlIjoicmVmcmVzaCIsImV4cCI6MTczMjgxOTY5OCwiaWF0IjoxNzMyNzMzMjk4LCJqdGkiOiI3NDIwZGJiN2MzMTY0OTYwOGE3NWQ1M2U5ZjkyNjc0MiIsInVzZXJfaWQiOjF9.5PUy5lVoLyJXWfuSv3J1Rxr5iQRaaQ9eVi_s_smIb6U",
        "created_at": "2024-11-27T18:48:18.838Z",
        "expires_at": "2024-11-28T18:48:18Z"
    }
},
{
    "model": "token_blacklist.outstandingtoken",
    "pk": 78,
    "fields": {
        "user": 1,
        "jti": "b34d9bbec9bf4571b4f8f7bf799e2f44",
        "token": "eyJhbGciOiJIUzI1NiIsInR5cCI6IkpXVCJ9.eyJ0b2tlbl90eXBlIjoicmVmcmVzaCIsImV4cCI6MTczMjgyMDY5MiwiaWF0IjoxNzMyNzM0MjkyLCJqdGkiOiJiMzRkOWJiZWM5YmY0NTcxYjRmOGY3YmY3OTllMmY0NCIsInVzZXJfaWQiOjF9.yCPeFZ2L8KXHqPGdqj3ZPF1k4fXmy7us4SeJasm7bn8",
        "created_at": "2024-11-27T19:04:52.756Z",
        "expires_at": "2024-11-28T19:04:52Z"
    }
},
{
    "model": "token_blacklist.outstandingtoken",
    "pk": 79,
    "fields": {
        "user": 1,
        "jti": "5da6374dc1314b4da4ce469c2e9a12d8",
        "token": "eyJhbGciOiJIUzI1NiIsInR5cCI6IkpXVCJ9.eyJ0b2tlbl90eXBlIjoicmVmcmVzaCIsImV4cCI6MTczMjgyMTU0OSwiaWF0IjoxNzMyNzM1MTQ5LCJqdGkiOiI1ZGE2Mzc0ZGMxMzE0YjRkYTRjZTQ2OWMyZTlhMTJkOCIsInVzZXJfaWQiOjF9.tRk8MDuUZA69k2NTorES78i6N9res1Xo-bSQZE4TAw4",
        "created_at": "2024-11-27T19:19:09.030Z",
        "expires_at": "2024-11-28T19:19:09Z"
    }
},
{
    "model": "token_blacklist.outstandingtoken",
    "pk": 80,
    "fields": {
        "user": null,
        "jti": "42ee591f89384c9db6abee42cb9c6c80",
        "token": "eyJhbGciOiJIUzI1NiIsInR5cCI6IkpXVCJ9.eyJ0b2tlbl90eXBlIjoicmVmcmVzaCIsImV4cCI6MTczMjgyMTY1MSwiaWF0IjoxNzMyNzM1MjUxLCJqdGkiOiI0MmVlNTkxZjg5Mzg0YzlkYjZhYmVlNDJjYjljNmM4MCIsInVzZXJfaWQiOjJ9.b_tSneVx9UXbpZYQf-IhYboiU544DN6-7loaVBMceHo",
        "created_at": "2024-11-27T19:20:51.918Z",
        "expires_at": "2024-11-28T19:20:51Z"
    }
},
{
    "model": "token_blacklist.outstandingtoken",
    "pk": 81,
    "fields": {
        "user": 1,
        "jti": "502aaea9f43d4f14b773df2857cd7121",
        "token": "eyJhbGciOiJIUzI1NiIsInR5cCI6IkpXVCJ9.eyJ0b2tlbl90eXBlIjoicmVmcmVzaCIsImV4cCI6MTczMjg3NDk4MywiaWF0IjoxNzMyNzg4NTgzLCJqdGkiOiI1MDJhYWVhOWY0M2Q0ZjE0Yjc3M2RmMjg1N2NkNzEyMSIsInVzZXJfaWQiOjF9.vEHmlLIF99rPD4wp0PBjH4vm6n2be3IWGd-xteOutVY",
        "created_at": "2024-11-28T10:09:43.893Z",
        "expires_at": "2024-11-29T10:09:43Z"
    }
},
{
    "model": "token_blacklist.outstandingtoken",
    "pk": 82,
    "fields": {
        "user": 1,
        "jti": "d525dcc90eca4db9805015e37023d644",
        "token": "eyJhbGciOiJIUzI1NiIsInR5cCI6IkpXVCJ9.eyJ0b2tlbl90eXBlIjoicmVmcmVzaCIsImV4cCI6MTczMjg4ODcwMCwiaWF0IjoxNzMyODAyMzAwLCJqdGkiOiJkNTI1ZGNjOTBlY2E0ZGI5ODA1MDE1ZTM3MDIzZDY0NCIsInVzZXJfaWQiOjF9.6D2peoGOv3NRAHI1ZO9Uqk9OltczWQ8XG9aRlys48RM",
        "created_at": "2024-11-28T13:58:20.553Z",
        "expires_at": "2024-11-29T13:58:20Z"
    }
},
{
    "model": "token_blacklist.outstandingtoken",
    "pk": 83,
    "fields": {
        "user": 1,
        "jti": "ff6c7437d9384b6395a3c2108a71358f",
        "token": "eyJhbGciOiJIUzI1NiIsInR5cCI6IkpXVCJ9.eyJ0b2tlbl90eXBlIjoicmVmcmVzaCIsImV4cCI6MTczMjg4OTc5NSwiaWF0IjoxNzMyODAzMzk1LCJqdGkiOiJmZjZjNzQzN2Q5Mzg0YjYzOTVhM2MyMTA4YTcxMzU4ZiIsInVzZXJfaWQiOjF9.IRL-LNH-83v2F0EY39wPOYL_j7D4aCzW8nuUZrrUj2k",
        "created_at": "2024-11-28T14:16:35.601Z",
        "expires_at": "2024-11-29T14:16:35Z"
    }
},
{
    "model": "token_blacklist.outstandingtoken",
    "pk": 84,
    "fields": {
        "user": 1,
        "jti": "c9a4f089075e4d74942ab1d164b38e9b",
        "token": "eyJhbGciOiJIUzI1NiIsInR5cCI6IkpXVCJ9.eyJ0b2tlbl90eXBlIjoicmVmcmVzaCIsImV4cCI6MTczMjg5NzEwNCwiaWF0IjoxNzMyODEwNzA0LCJqdGkiOiJjOWE0ZjA4OTA3NWU0ZDc0OTQyYWIxZDE2NGIzOGU5YiIsInVzZXJfaWQiOjF9.wShnVGYOqrbCbqqTOD247fn99CRjvqC8yIrMh2_T6A0",
        "created_at": "2024-11-28T16:18:24.240Z",
        "expires_at": "2024-11-29T16:18:24Z"
    }
},
{
    "model": "token_blacklist.outstandingtoken",
    "pk": 85,
    "fields": {
        "user": 1,
        "jti": "93c68888cafc4aed95e7b559419e07a3",
        "token": "eyJhbGciOiJIUzI1NiIsInR5cCI6IkpXVCJ9.eyJ0b2tlbl90eXBlIjoicmVmcmVzaCIsImV4cCI6MTczMjkwOTY5MywiaWF0IjoxNzMyODIzMjkzLCJqdGkiOiI5M2M2ODg4OGNhZmM0YWVkOTVlN2I1NTk0MTllMDdhMyIsInVzZXJfaWQiOjF9.WL8B9oSHzNbxOY9dIYRCMb-2iCZG-L9yR3o1ImFPwvo",
        "created_at": "2024-11-28T19:48:13.314Z",
        "expires_at": "2024-11-29T19:48:13Z"
    }
},
{
    "model": "token_blacklist.outstandingtoken",
    "pk": 86,
    "fields": {
        "user": 1,
        "jti": "067ee1bc34594eeda62a2abe7c290b05",
        "token": "eyJhbGciOiJIUzI1NiIsInR5cCI6IkpXVCJ9.eyJ0b2tlbl90eXBlIjoicmVmcmVzaCIsImV4cCI6MTczMjkxMDA3MywiaWF0IjoxNzMyODIzNjczLCJqdGkiOiIwNjdlZTFiYzM0NTk0ZWVkYTYyYTJhYmU3YzI5MGIwNSIsInVzZXJfaWQiOjF9.-OqeFyTVwAQKmRZc4bZslZomfCsl0oFLvxeQFVn2YPI",
        "created_at": "2024-11-28T19:54:33.047Z",
        "expires_at": "2024-11-29T19:54:33Z"
    }
},
{
    "model": "token_blacklist.outstandingtoken",
    "pk": 87,
    "fields": {
        "user": 1,
        "jti": "bc2b8f4da9054518a32e3eb918e14639",
        "token": "eyJhbGciOiJIUzI1NiIsInR5cCI6IkpXVCJ9.eyJ0b2tlbl90eXBlIjoicmVmcmVzaCIsImV4cCI6MTczMjkxMjAwOCwiaWF0IjoxNzMyODI1NjA4LCJqdGkiOiJiYzJiOGY0ZGE5MDU0NTE4YTMyZTNlYjkxOGUxNDYzOSIsInVzZXJfaWQiOjF9.i0K-sYxWTWGs8irwxuEke7xEUuY-wYHBk-0hz4TBDoY",
        "created_at": "2024-11-28T20:26:48.069Z",
        "expires_at": "2024-11-29T20:26:48Z"
    }
},
{
    "model": "token_blacklist.outstandingtoken",
    "pk": 88,
    "fields": {
        "user": 1,
        "jti": "4326e2f9e61e4fb0a041bb998a096835",
        "token": "eyJhbGciOiJIUzI1NiIsInR5cCI6IkpXVCJ9.eyJ0b2tlbl90eXBlIjoicmVmcmVzaCIsImV4cCI6MTczMjkxNjEwNCwiaWF0IjoxNzMyODI5NzA0LCJqdGkiOiI0MzI2ZTJmOWU2MWU0ZmIwYTA0MWJiOTk4YTA5NjgzNSIsInVzZXJfaWQiOjF9.GWelmytl0GzjZJWXxBCauTbGR_bTmq5eLmnr5N49ze8",
        "created_at": "2024-11-28T21:35:04.010Z",
        "expires_at": "2024-11-29T21:35:04Z"
    }
},
{
    "model": "token_blacklist.outstandingtoken",
    "pk": 89,
    "fields": {
        "user": 1,
        "jti": "d9c2df8bce274bfca4f11f6899ffd8d3",
        "token": "eyJhbGciOiJIUzI1NiIsInR5cCI6IkpXVCJ9.eyJ0b2tlbl90eXBlIjoicmVmcmVzaCIsImV4cCI6MTczMjkxNjgzNSwiaWF0IjoxNzMyODMwNDM1LCJqdGkiOiJkOWMyZGY4YmNlMjc0YmZjYTRmMTFmNjg5OWZmZDhkMyIsInVzZXJfaWQiOjF9.TK9l4T95aLb8OSV8OoDVJ6q0uNLzLRqre2wiuXqtsrI",
        "created_at": "2024-11-28T21:47:15.764Z",
        "expires_at": "2024-11-29T21:47:15Z"
    }
},
{
    "model": "token_blacklist.outstandingtoken",
    "pk": 90,
    "fields": {
        "user": 1,
        "jti": "34c9d4f2b9184ad2853acdbdae671359",
        "token": "eyJhbGciOiJIUzI1NiIsInR5cCI6IkpXVCJ9.eyJ0b2tlbl90eXBlIjoicmVmcmVzaCIsImV4cCI6MTczMjkxOTEwOSwiaWF0IjoxNzMyODMyNzA5LCJqdGkiOiIzNGM5ZDRmMmI5MTg0YWQyODUzYWNkYmRhZTY3MTM1OSIsInVzZXJfaWQiOjF9.qGqE5-3EZ_aR1UbxlB8QJ29i8gWaCvEnFHFN4mJ8BNc",
        "created_at": "2024-11-28T22:25:09.938Z",
        "expires_at": "2024-11-29T22:25:09Z"
    }
},
{
    "model": "token_blacklist.outstandingtoken",
    "pk": 91,
    "fields": {
        "user": 1,
        "jti": "6ba03aad23c64f6284791d7dde908315",
        "token": "eyJhbGciOiJIUzI1NiIsInR5cCI6IkpXVCJ9.eyJ0b2tlbl90eXBlIjoicmVmcmVzaCIsImV4cCI6MTczMjkyMTA5NiwiaWF0IjoxNzMyODM0Njk2LCJqdGkiOiI2YmEwM2FhZDIzYzY0ZjYyODQ3OTFkN2RkZTkwODMxNSIsInVzZXJfaWQiOjF9.3-Y9VqNCvnXjU8ZRea839IUOxifi2toRG6NyfwNVkWE",
        "created_at": "2024-11-28T22:58:16.504Z",
        "expires_at": "2024-11-29T22:58:16Z"
    }
},
{
    "model": "token_blacklist.outstandingtoken",
    "pk": 92,
    "fields": {
        "user": 1,
        "jti": "557a8a70dda5490da5ea45df948b61b7",
        "token": "eyJhbGciOiJIUzI1NiIsInR5cCI6IkpXVCJ9.eyJ0b2tlbl90eXBlIjoicmVmcmVzaCIsImV4cCI6MTczMjkyMTM1NiwiaWF0IjoxNzMyODM0OTU2LCJqdGkiOiI1NTdhOGE3MGRkYTU0OTBkYTVlYTQ1ZGY5NDhiNjFiNyIsInVzZXJfaWQiOjF9._1epRe4boXy4jvHyjo2LEA1iGVghD3-X9f9Q8Tp2Vs8",
        "created_at": "2024-11-28T23:02:36.177Z",
        "expires_at": "2024-11-29T23:02:36Z"
    }
},
{
    "model": "token_blacklist.outstandingtoken",
    "pk": 93,
    "fields": {
        "user": 10,
        "jti": "6c1e203386ce41cba8fa167c0eba504e",
        "token": "eyJhbGciOiJIUzI1NiIsInR5cCI6IkpXVCJ9.eyJ0b2tlbl90eXBlIjoicmVmcmVzaCIsImV4cCI6MTczMjkyMTQ4NCwiaWF0IjoxNzMyODM1MDg0LCJqdGkiOiI2YzFlMjAzMzg2Y2U0MWNiYThmYTE2N2MwZWJhNTA0ZSIsInVzZXJfaWQiOjEwfQ.ipAl41OeVRECf7Fl0gJla1M5mnZ3nJL7TvqH5_KXKMk",
        "created_at": "2024-11-28T23:04:44.041Z",
        "expires_at": "2024-11-29T23:04:44Z"
    }
},
{
    "model": "token_blacklist.outstandingtoken",
    "pk": 94,
    "fields": {
        "user": 10,
        "jti": "d517230bb3b34bfe96d0560c89f473bb",
        "token": "eyJhbGciOiJIUzI1NiIsInR5cCI6IkpXVCJ9.eyJ0b2tlbl90eXBlIjoicmVmcmVzaCIsImV4cCI6MTczMjkyMTQ5MywiaWF0IjoxNzMyODM1MDkzLCJqdGkiOiJkNTE3MjMwYmIzYjM0YmZlOTZkMDU2MGM4OWY0NzNiYiIsInVzZXJfaWQiOjEwfQ.r-wF9jsTY9JHvcCYCY0-05vLUnAZ-reBYqoj4FgG1WU",
        "created_at": "2024-11-28T23:04:53.429Z",
        "expires_at": "2024-11-29T23:04:53Z"
    }
},
{
    "model": "token_blacklist.outstandingtoken",
    "pk": 95,
    "fields": {
        "user": 1,
        "jti": "4b730f4904f3481aa0f7876c92f6b7db",
        "token": "eyJhbGciOiJIUzI1NiIsInR5cCI6IkpXVCJ9.eyJ0b2tlbl90eXBlIjoicmVmcmVzaCIsImV4cCI6MTczMjkyMTUzNywiaWF0IjoxNzMyODM1MTM3LCJqdGkiOiI0YjczMGY0OTA0ZjM0ODFhYTBmNzg3NmM5MmY2YjdkYiIsInVzZXJfaWQiOjF9.CBc6IwcOO3X5OGoW4Fk8hBxMUu4n7SH7AgpmgFQHOJE",
        "created_at": "2024-11-28T23:05:37.319Z",
        "expires_at": "2024-11-29T23:05:37Z"
    }
},
{
    "model": "token_blacklist.outstandingtoken",
    "pk": 96,
    "fields": {
        "user": 10,
        "jti": "8ecd6e408c0a4c76b9a175398f37d82e",
        "token": "eyJhbGciOiJIUzI1NiIsInR5cCI6IkpXVCJ9.eyJ0b2tlbl90eXBlIjoicmVmcmVzaCIsImV4cCI6MTczMjkyMTU4NywiaWF0IjoxNzMyODM1MTg3LCJqdGkiOiI4ZWNkNmU0MDhjMGE0Yzc2YjlhMTc1Mzk4ZjM3ZDgyZSIsInVzZXJfaWQiOjEwfQ.wFfg6eciyhWoa5DSSYGT_QJybByBW5fim6UQY9Agfa8",
        "created_at": "2024-11-28T23:06:27.439Z",
        "expires_at": "2024-11-29T23:06:27Z"
    }
},
{
    "model": "token_blacklist.outstandingtoken",
    "pk": 97,
    "fields": {
        "user": 10,
        "jti": "2a682173e2e3440aac3b9298b0277568",
        "token": "eyJhbGciOiJIUzI1NiIsInR5cCI6IkpXVCJ9.eyJ0b2tlbl90eXBlIjoicmVmcmVzaCIsImV4cCI6MTczMjkyMTYyMCwiaWF0IjoxNzMyODM1MjIwLCJqdGkiOiIyYTY4MjE3M2UyZTM0NDBhYWMzYjkyOThiMDI3NzU2OCIsInVzZXJfaWQiOjEwfQ.PJ9nO3Xnpw6sWS55NZojVHE2KdyFvoMeZrBV9tHFVrI",
        "created_at": "2024-11-28T23:07:00.405Z",
        "expires_at": "2024-11-29T23:07:00Z"
    }
},
{
    "model": "token_blacklist.outstandingtoken",
    "pk": 98,
    "fields": {
        "user": 1,
        "jti": "509ad9af1d4c4bde94deee8153474276",
        "token": "eyJhbGciOiJIUzI1NiIsInR5cCI6IkpXVCJ9.eyJ0b2tlbl90eXBlIjoicmVmcmVzaCIsImV4cCI6MTczMzA1OTE3NCwiaWF0IjoxNzMyOTcyNzc0LCJqdGkiOiI1MDlhZDlhZjFkNGM0YmRlOTRkZWVlODE1MzQ3NDI3NiIsInVzZXJfaWQiOjF9.85-1sUvlUNivTwp2zBhLxUdj3NB_W42paabfwOIkd4A",
        "created_at": "2024-11-30T13:19:34.647Z",
        "expires_at": "2024-12-01T13:19:34Z"
    }
},
{
    "model": "token_blacklist.blacklistedtoken",
    "pk": 1,
    "fields": {
        "token": 12,
        "blacklisted_at": "2024-11-20T21:40:11.497Z"
    }
},
{
    "model": "token_blacklist.blacklistedtoken",
    "pk": 2,
    "fields": {
        "token": 16,
        "blacklisted_at": "2024-11-20T23:14:35.129Z"
    }
},
{
    "model": "token_blacklist.blacklistedtoken",
    "pk": 3,
    "fields": {
        "token": 18,
        "blacklisted_at": "2024-11-20T23:56:03.060Z"
    }
},
{
    "model": "token_blacklist.blacklistedtoken",
    "pk": 4,
    "fields": {
        "token": 21,
        "blacklisted_at": "2024-11-21T12:44:17.420Z"
    }
},
{
    "model": "token_blacklist.blacklistedtoken",
    "pk": 5,
    "fields": {
        "token": 22,
        "blacklisted_at": "2024-11-21T13:23:18.315Z"
    }
},
{
    "model": "token_blacklist.blacklistedtoken",
    "pk": 6,
    "fields": {
        "token": 23,
        "blacklisted_at": "2024-11-21T14:50:59.523Z"
    }
},
{
    "model": "token_blacklist.blacklistedtoken",
    "pk": 7,
    "fields": {
        "token": 27,
        "blacklisted_at": "2024-11-21T16:01:26.453Z"
    }
},
{
    "model": "token_blacklist.blacklistedtoken",
    "pk": 8,
    "fields": {
        "token": 28,
        "blacklisted_at": "2024-11-21T16:01:52.425Z"
    }
},
{
    "model": "token_blacklist.blacklistedtoken",
    "pk": 9,
    "fields": {
        "token": 29,
        "blacklisted_at": "2024-11-21T23:06:09.848Z"
    }
},
{
    "model": "token_blacklist.blacklistedtoken",
    "pk": 10,
    "fields": {
        "token": 30,
        "blacklisted_at": "2024-11-22T14:09:18.692Z"
    }
},
{
    "model": "token_blacklist.blacklistedtoken",
    "pk": 11,
    "fields": {
        "token": 32,
        "blacklisted_at": "2024-11-22T14:39:15.494Z"
    }
},
{
    "model": "token_blacklist.blacklistedtoken",
    "pk": 12,
    "fields": {
        "token": 34,
        "blacklisted_at": "2024-11-22T15:05:50.202Z"
    }
},
{
    "model": "token_blacklist.blacklistedtoken",
    "pk": 13,
    "fields": {
        "token": 35,
        "blacklisted_at": "2024-11-22T15:06:04.584Z"
    }
},
{
    "model": "token_blacklist.blacklistedtoken",
    "pk": 14,
    "fields": {
        "token": 36,
        "blacklisted_at": "2024-11-22T16:30:14.147Z"
    }
},
{
    "model": "token_blacklist.blacklistedtoken",
    "pk": 15,
    "fields": {
        "token": 37,
        "blacklisted_at": "2024-11-22T19:58:57.576Z"
    }
},
{
    "model": "token_blacklist.blacklistedtoken",
    "pk": 16,
    "fields": {
        "token": 38,
        "blacklisted_at": "2024-11-24T13:28:28.757Z"
    }
},
{
    "model": "token_blacklist.blacklistedtoken",
    "pk": 17,
    "fields": {
        "token": 39,
        "blacklisted_at": "2024-11-24T13:34:02.241Z"
    }
},
{
    "model": "token_blacklist.blacklistedtoken",
    "pk": 18,
    "fields": {
        "token": 40,
        "blacklisted_at": "2024-11-24T14:50:52.373Z"
    }
},
{
    "model": "token_blacklist.blacklistedtoken",
    "pk": 19,
    "fields": {
        "token": 41,
        "blacklisted_at": "2024-11-24T15:52:33.325Z"
    }
},
{
    "model": "token_blacklist.blacklistedtoken",
    "pk": 20,
    "fields": {
        "token": 43,
        "blacklisted_at": "2024-11-24T16:30:35.981Z"
    }
},
{
    "model": "token_blacklist.blacklistedtoken",
    "pk": 21,
    "fields": {
        "token": 44,
        "blacklisted_at": "2024-11-26T12:49:33.591Z"
    }
},
{
    "model": "token_blacklist.blacklistedtoken",
    "pk": 22,
    "fields": {
        "token": 45,
        "blacklisted_at": "2024-11-26T13:09:25.502Z"
    }
},
{
    "model": "token_blacklist.blacklistedtoken",
    "pk": 23,
    "fields": {
        "token": 46,
        "blacklisted_at": "2024-11-26T13:29:51.836Z"
    }
},
{
    "model": "token_blacklist.blacklistedtoken",
    "pk": 24,
    "fields": {
        "token": 47,
        "blacklisted_at": "2024-11-26T13:43:47.237Z"
    }
},
{
    "model": "token_blacklist.blacklistedtoken",
    "pk": 25,
    "fields": {
        "token": 48,
        "blacklisted_at": "2024-11-26T13:44:01.390Z"
    }
},
{
    "model": "token_blacklist.blacklistedtoken",
    "pk": 26,
    "fields": {
        "token": 50,
        "blacklisted_at": "2024-11-26T14:47:01.319Z"
    }
},
{
    "model": "token_blacklist.blacklistedtoken",
    "pk": 27,
    "fields": {
        "token": 51,
        "blacklisted_at": "2024-11-26T14:59:40.157Z"
    }
},
{
    "model": "token_blacklist.blacklistedtoken",
    "pk": 28,
    "fields": {
        "token": 52,
        "blacklisted_at": "2024-11-26T15:03:49.237Z"
    }
},
{
    "model": "token_blacklist.blacklistedtoken",
    "pk": 29,
    "fields": {
        "token": 53,
        "blacklisted_at": "2024-11-26T15:06:22.015Z"
    }
},
{
    "model": "token_blacklist.blacklistedtoken",
    "pk": 30,
    "fields": {
        "token": 54,
        "blacklisted_at": "2024-11-26T15:07:05.563Z"
    }
},
{
    "model": "token_blacklist.blacklistedtoken",
    "pk": 31,
    "fields": {
        "token": 55,
        "blacklisted_at": "2024-11-26T15:39:35.357Z"
    }
},
{
    "model": "token_blacklist.blacklistedtoken",
    "pk": 32,
    "fields": {
        "token": 56,
        "blacklisted_at": "2024-11-26T15:52:26.465Z"
    }
},
{
    "model": "token_blacklist.blacklistedtoken",
    "pk": 33,
    "fields": {
        "token": 57,
        "blacklisted_at": "2024-11-26T15:53:31.545Z"
    }
},
{
    "model": "token_blacklist.blacklistedtoken",
    "pk": 34,
    "fields": {
        "token": 58,
        "blacklisted_at": "2024-11-26T16:24:21.111Z"
    }
},
{
    "model": "token_blacklist.blacklistedtoken",
    "pk": 35,
    "fields": {
        "token": 59,
        "blacklisted_at": "2024-11-26T17:22:20.466Z"
    }
},
{
    "model": "token_blacklist.blacklistedtoken",
    "pk": 36,
    "fields": {
        "token": 60,
        "blacklisted_at": "2024-11-26T18:38:50.915Z"
    }
},
{
    "model": "token_blacklist.blacklistedtoken",
    "pk": 37,
    "fields": {
        "token": 61,
        "blacklisted_at": "2024-11-26T18:43:19.531Z"
    }
},
{
    "model": "token_blacklist.blacklistedtoken",
    "pk": 38,
    "fields": {
        "token": 63,
        "blacklisted_at": "2024-11-26T19:04:42.753Z"
    }
},
{
    "model": "token_blacklist.blacklistedtoken",
    "pk": 39,
    "fields": {
        "token": 64,
        "blacklisted_at": "2024-11-26T19:10:06.604Z"
    }
},
{
    "model": "token_blacklist.blacklistedtoken",
    "pk": 40,
    "fields": {
        "token": 65,
        "blacklisted_at": "2024-11-26T19:18:52.816Z"
    }
},
{
    "model": "token_blacklist.blacklistedtoken",
    "pk": 41,
    "fields": {
        "token": 66,
        "blacklisted_at": "2024-11-26T21:22:43.686Z"
    }
},
{
    "model": "token_blacklist.blacklistedtoken",
    "pk": 42,
    "fields": {
        "token": 67,
        "blacklisted_at": "2024-11-26T21:23:45.230Z"
    }
},
{
    "model": "token_blacklist.blacklistedtoken",
    "pk": 43,
    "fields": {
        "token": 68,
        "blacklisted_at": "2024-11-26T21:24:23.430Z"
    }
},
{
    "model": "token_blacklist.blacklistedtoken",
    "pk": 44,
    "fields": {
        "token": 69,
        "blacklisted_at": "2024-11-27T11:24:12.134Z"
    }
},
{
    "model": "token_blacklist.blacklistedtoken",
    "pk": 45,
    "fields": {
        "token": 71,
        "blacklisted_at": "2024-11-27T12:31:49.957Z"
    }
},
{
    "model": "token_blacklist.blacklistedtoken",
    "pk": 46,
    "fields": {
        "token": 72,
        "blacklisted_at": "2024-11-27T13:19:38.719Z"
    }
},
{
    "model": "token_blacklist.blacklistedtoken",
    "pk": 47,
    "fields": {
        "token": 73,
        "blacklisted_at": "2024-11-27T13:33:56.315Z"
    }
},
{
    "model": "token_blacklist.blacklistedtoken",
    "pk": 48,
    "fields": {
        "token": 74,
        "blacklisted_at": "2024-11-27T14:34:45.183Z"
    }
},
{
    "model": "token_blacklist.blacklistedtoken",
    "pk": 49,
    "fields": {
        "token": 75,
        "blacklisted_at": "2024-11-27T15:17:37.390Z"
    }
},
{
    "model": "token_blacklist.blacklistedtoken",
    "pk": 50,
    "fields": {
        "token": 76,
        "blacklisted_at": "2024-11-27T17:27:35.507Z"
    }
},
{
    "model": "token_blacklist.blacklistedtoken",
    "pk": 51,
    "fields": {
        "token": 77,
        "blacklisted_at": "2024-11-27T18:48:27.638Z"
    }
},
{
    "model": "token_blacklist.blacklistedtoken",
    "pk": 52,
    "fields": {
        "token": 78,
        "blacklisted_at": "2024-11-27T19:05:01.970Z"
    }
},
{
    "model": "token_blacklist.blacklistedtoken",
    "pk": 53,
    "fields": {
        "token": 79,
        "blacklisted_at": "2024-11-27T19:20:35.729Z"
    }
},
{
    "model": "token_blacklist.blacklistedtoken",
    "pk": 54,
    "fields": {
        "token": 80,
        "blacklisted_at": "2024-11-27T19:21:36.425Z"
    }
},
{
    "model": "token_blacklist.blacklistedtoken",
    "pk": 55,
    "fields": {
        "token": 81,
        "blacklisted_at": "2024-11-28T13:57:41.820Z"
    }
},
{
    "model": "token_blacklist.blacklistedtoken",
    "pk": 56,
    "fields": {
        "token": 82,
        "blacklisted_at": "2024-11-28T14:16:26.505Z"
    }
},
{
    "model": "token_blacklist.blacklistedtoken",
    "pk": 57,
    "fields": {
        "token": 83,
        "blacklisted_at": "2024-11-28T16:18:14.954Z"
    }
},
{
    "model": "token_blacklist.blacklistedtoken",
    "pk": 58,
    "fields": {
        "token": 84,
        "blacklisted_at": "2024-11-28T19:42:26.954Z"
    }
},
{
    "model": "token_blacklist.blacklistedtoken",
    "pk": 59,
    "fields": {
        "token": 85,
        "blacklisted_at": "2024-11-28T19:51:04.982Z"
    }
},
{
    "model": "token_blacklist.blacklistedtoken",
    "pk": 60,
    "fields": {
        "token": 86,
        "blacklisted_at": "2024-11-28T20:25:46.060Z"
    }
},
{
    "model": "token_blacklist.blacklistedtoken",
    "pk": 61,
    "fields": {
        "token": 87,
        "blacklisted_at": "2024-11-28T20:58:41.813Z"
    }
},
{
    "model": "token_blacklist.blacklistedtoken",
    "pk": 62,
    "fields": {
        "token": 88,
        "blacklisted_at": "2024-11-28T21:39:52.120Z"
    }
},
{
    "model": "token_blacklist.blacklistedtoken",
    "pk": 63,
    "fields": {
        "token": 89,
        "blacklisted_at": "2024-11-28T21:52:28.322Z"
    }
},
{
    "model": "token_blacklist.blacklistedtoken",
    "pk": 64,
    "fields": {
        "token": 90,
        "blacklisted_at": "2024-11-28T22:58:07.618Z"
    }
},
{
    "model": "token_blacklist.blacklistedtoken",
    "pk": 65,
    "fields": {
        "token": 91,
        "blacklisted_at": "2024-11-28T23:02:26.239Z"
    }
},
{
    "model": "token_blacklist.blacklistedtoken",
    "pk": 66,
    "fields": {
        "token": 92,
        "blacklisted_at": "2024-11-28T23:02:38.960Z"
    }
},
{
    "model": "token_blacklist.blacklistedtoken",
    "pk": 67,
    "fields": {
        "token": 94,
        "blacklisted_at": "2024-11-28T23:05:29.781Z"
    }
},
{
    "model": "token_blacklist.blacklistedtoken",
    "pk": 68,
    "fields": {
        "token": 95,
        "blacklisted_at": "2024-11-28T23:06:17.903Z"
    }
},
{
    "model": "token_blacklist.blacklistedtoken",
    "pk": 69,
    "fields": {
        "token": 96,
        "blacklisted_at": "2024-11-28T23:06:41.140Z"
    }
},
{
    "model": "token_blacklist.blacklistedtoken",
    "pk": 70,
    "fields": {
        "token": 97,
        "blacklisted_at": "2024-11-28T23:09:56.253Z"
    }
},
{
    "model": "token_blacklist.blacklistedtoken",
    "pk": 71,
    "fields": {
        "token": 98,
        "blacklisted_at": "2024-11-30T13:19:48.749Z"
    }
},
{
    "model": "users.customuser",
    "pk": 1,
    "fields": {
        "password": "pbkdf2_sha256$870000$iRwdYhkJB7gnskPejhQqHu$jol9Y6ikt9RJdWUiEl9lBnxC2fWrJaCh76AV6Q4V6lc=",
        "last_login": "2024-11-26T12:00:11.322Z",
        "is_superuser": true,
        "first_name": "Edward",
        "last_name": "Lin",
        "is_staff": true,
        "is_active": true,
        "date_joined": "2024-11-18T23:24:51.362Z",
        "email": "edward.lin000@gmail.com",
        "groups": [],
        "user_permissions": []
    }
},
{
    "model": "users.customuser",
    "pk": 10,
    "fields": {
        "password": "pbkdf2_sha256$870000$2REZ6rj7kUlYkFj6NCVmpG$EKMr0NPNB2kwJBIwyY8jt7JEZt7GylB1PDf4ZZccTs4=",
        "last_login": null,
        "is_superuser": false,
        "first_name": "test",
        "last_name": "user",
        "is_staff": false,
        "is_active": true,
        "date_joined": "2024-11-28T23:04:43.893Z",
        "email": "test@testing.com",
        "groups": [],
        "user_permissions": []
    }
},
{
    "model": "posts.post",
    "pk": 1,
    "fields": {
        "title": "test post",
        "author": 1,
        "body": "testing testing",
        "image": "images/2024/11/28/GettyImages-535038238.jpg.webp",
        "file": "",
        "created_at": "2024-11-28T21:06:57.489Z",
        "updated_at": "2024-11-28T23:02:38.159Z",
        "summary": "Here's how you could improve the image based on the feedback:\n\n**1. Increase Color Vibrancy:**  The colors are already quite saturated, but they could benefit from a boost in vibrancy.  In image editing software (like Photoshop, GIMP, or even online editors), you can:\n\n* **Adjust Saturation:**  Increase the overall saturation to make all colors more intense.  Be careful not to over saturate, as this can look unnatural.\n* **Adjust Vibrance:**  Vibrance is a more subtle adjustment; it increases the intensity of less saturated colors while leaving already-vibrant colors relatively unchanged. This often results in a more natural-looking boost.\n* **Selective Color Adjustment:** Use a selective color adjustment layer or tool to target specific colors (like the reds, blues, and greens) and make them individually more vibrant. This offers the most control.\n* **Curves:** Using curves, you can selectively lighten and darken parts of the color spectrum to make certain colors \"pop\" more.\n\n**2. Reduce Background Blowout:** The background is currently very bright and washed out. This can be adjusted in several ways:\n\n* **Reduce Exposure/Highlights:** Lower the exposure and highlights in your image editing software. This will bring down the overall brightness and reduce the overexposed areas.\n* **Dodging and Burning:** Carefully use the dodging and burning tools to selectively darken the background while keeping the bottles well-lit.\n* **Gradient Mask:**  Create a gradient mask to subtly darken the background, making the bottles stand out more.  Make the gradient darker towards the edges, fading to a lighter tone near the bottles.\n\n**3. Composition:** The composition is already good; it's well-balanced and visually appealing.  However, subtle adjustments could still be made:\n\n* **Cropping:** Consider a very slight crop to adjust the aspect ratio or remove any distracting elements around the edges.  A slight tightening of the composition might slightly improve the visual impact.  This is optional and depends on personal preference.\n\n**Workflow Suggestion:**\n\n1. **Backup:**  Always back up your original image before making any significant edits.\n2. **Background First:**  Adjust the background blowout first, as this will likely influence how the colors look in relation to it.\n3. **Color Adjustment:**  Then, adjust the color vibrancy. Use a combination of the methods mentioned above for the most natural and effective results.\n4. **Fine-tuning:**  Finally, make any minor cropping or other compositional adjustments if necessary.\n\n\nBy carefully adjusting the color vibrancy and background brightness, you can greatly enhance the overall appeal of this already well-composed image.\n",
        "guest_token": "f336119c-9e05-45bb-92ff-a39523ef5059"
    }
},
{
    "model": "posts.post",
    "pk": 2,
    "fields": {
        "title": "test user post",
        "author": 10,
        "body": "testing testing testing",
        "image": "",
        "file": "files/2024/11/28/DANC_185b_-_22418_-_T500pm_-_S2024_-_Rose2.pdf",
        "created_at": "2024-11-28T23:05:21.764Z",
        "updated_at": "2024-11-28T23:05:21.764Z",
        "summary": null,
        "guest_token": "1cc0eec8-e2eb-4d7c-8e0f-8d7f21357f5f"
    }
},
{
    "model": "posts.comment",
    "pk": 39,
    "fields": {
        "post": 1,
        "author": 1,
        "body": "The composition is good",
        "created_at": "2024-11-28T21:47:23.478Z",
        "updated_at": "2024-11-28T21:47:23.478Z"
    }
},
{
    "model": "posts.comment",
    "pk": 40,
    "fields": {
        "post": 1,
        "author": 1,
        "body": "The background's a little over blown",
        "created_at": "2024-11-28T21:47:33.683Z",
        "updated_at": "2024-11-28T21:47:33.683Z"
    }
},
{
    "model": "posts.comment",
    "pk": 41,
    "fields": {
        "post": 1,
        "author": 1,
        "body": "Make the colours more vibrant",
        "created_at": "2024-11-28T21:47:57.004Z",
        "updated_at": "2024-11-28T21:47:57.004Z"
    }
},
{
    "model": "posts.comment",
    "pk": 45,
    "fields": {
        "post": 2,
        "author": 1,
        "body": "can you explain the document",
        "created_at": "2024-11-28T23:06:14.764Z",
        "updated_at": "2024-11-28T23:06:14.764Z"
    }
},
{
    "model": "posts.comment",
    "pk": 46,
    "fields": {
        "post": 2,
        "author": null,
        "body": "this is very clear",
        "created_at": "2024-11-28T23:06:47.308Z",
        "updated_at": "2024-11-28T23:06:47.308Z"
    }
}
]
